system:index,GID_0,GID_1,NAME_0,NAME_1,VARNAME_1,noacc14,.geo,noacc19,noacc18,noacc17,noacc16,noacc15
0000f8c9d84d25b54090,SHN,SHN.3_1,Saint Helena,Tristan da Cunha,TristÃ£o da Cunha,0,,0,0,0,0,0
0000b227cf6e6027fead,SHN,SHN.2_1,Saint Helena,Saint Helena,,0,,0,0,0,0,0
0000425a24df98abc728,SHN,SHN.1_1,Saint Helena,Ascension,AscensÃ£o,0,,0,0,0,0,0
0000a8f54daf9a729964,ESH,ESH.4_1,Western Sahara,Oued el Dahab,Ed Dakhla|Oued Eddahab,0,,0,0,0,0,0
0000d317156b6f784739,ESH,ESH.1_1,Western Sahara,Boujdour,Bojador,0,,0,0,0,0,0
000091ca6c992b3e1c2d,MRT,MRT.12_1,Mauritania,Tiris Zemmour,,0,,0,0,0,0,0
00006f1c03981054c396,ESH,ESH.3_1,Western Sahara,Laayoune,El aaiÃºn,0,,0,0,0,0,0
00001668573b47a8d958,ESH,ESH.2_1,Western Sahara,Es Semara,Smara,0,,0,0,0,0,0
00001b116635795d76c7,MAR,MAR.6_1,Morocco,Guelmim - Es-Semara,,0,,0,0,0,0,0
0000abdb4116f29564f9,MAR,MAR.7_1,Morocco,LaÃ¢youne - Boujdour - Sakia El Hamra,,0,,0,0,0,0,0
0000652dc562a34887d3,MAR,MAR.4_1,Morocco,Gharb - Chrarda - BÃ©ni Hssen,,0,,0,0,0,0,0
00004938b3256d63ce7f,MAR,MAR.14_1,Morocco,Tanger - TÃ©touan,,0,,0,0,0,0,0
0000c0944762609b6915,MAR,MAR.15_1,Morocco,Taza - Al Hoceima - Taounate,,0,,0,0,0,0,0
0000aa73af7914844178,ESP,ESP.7_1,Spain,Ceuta y Melilla,,0,,0,0,0,0,0
00009e5e45df96a30c31,MAR,MAR.10_1,Morocco,Oriental,,0,,0,0,0,0,0
0000ef5e7eb6970c1d28,DZA,DZA.48_1,Algeria,Tlemcen,Tilimsene|Tlemsane|Tilimsen|TremecÃ©m,0,,0,0,0,0,0
0000ea67a1b3507c6e05,DZA,DZA.3_1,Algeria,AÃ¯n TÃ©mouchent,Ain Tamouchent,0,,0,0,0,0,0
00008aa0ec11f4fc2104,DZA,DZA.30_1,Algeria,Mostaganem,Mostaghanem|Mestghanem,0,,0,0,0,0,0
000051bbf06319774ff4,DZA,DZA.27_1,Algeria,Mascara,Mouaskar,0,,0,0,0,0,0
00005919d4077991ae9e,DZA,DZA.32_1,Algeria,Oran,OrÃ¡n|Orano|OrÃ£o|Ouahran|Ouahrane|Wahran,0,,0,0,0,0,0
0000989a3da7d2f3120e,DZA,DZA.38_1,Algeria,Sidi Bel AbbÃ¨s,Sidi-Bel-Abbes,0,,0,0,0,0,0
000067f888be35444821,DZA,DZA.36_1,Algeria,SaÃ¯da,,0,,0,0,0,0,0
0000c49864d7ec32e52f,DZA,DZA.17_1,Algeria,El Bayadh,El Bayad|El Beyyadh|GÃ©ryville,0,,0,0,0,0,0
0000ec4eb93ae14a530a,DZA,DZA.31_1,Algeria,NaÃ¢ma,Naama,0,,0,0,0,0,0
0000862acb383ef8dde0,DZA,DZA.7_1,Algeria,BÃ©char,Colomb-BÃ©char|Bechar,0,,0,0,0,0,0
0000f4cd148d34f8bc9e,DZA,DZA.1_1,Algeria,Adrar,DuperrÃ©,0,,0,0,0,0,0
000075d5221b5f06f09d,MAR,MAR.9_1,Morocco,MeknÃ¨s - Tafilalet,,0,,0,0,0,0,0
000039ec14680d41579b,DZA,DZA.44_1,Algeria,Tindouf,Tiaret,0,,0,0,0,0,0
000025bab4da20c10534,MAR,MAR.3_1,Morocco,FÃ¨s - Boulemane,,0,,0,0,0,0,0
0000a729f6df5f88baf2,MAR,MAR.11_1,Morocco,Rabat - SalÃ© - Zemmour - Zaer,,0,,0,0,0,0,0
0000f812f55fcc62db10,MAR,MAR.1_1,Morocco,Chaouia - Ouardigha,,0,,0,0,0,0,0
000072342323ae199fe8,MAR,MAR.13_1,Morocco,Tadla - Azilal,,0,,0,0,0,0,0
00008b899c1371d90055,MAR,MAR.12_1,Morocco,Souss - Massa - DraÃ¢,,0,,0,0,0,0,0
0000c9f79b241823157f,MAR,MAR.8_1,Morocco,Marrakech - Tensift - Al Haouz,,0,,0,0,0,0,0
00004e3193531c4657dd,MAR,MAR.5_1,Morocco,Grand Casablanca,,0,,0,0,0,0,0
0000716943d026c6a28c,MAR,MAR.2_1,Morocco,Doukkala - Abda,,0,,0,0,0,0,0
0000c505d46fa3ffd8a0,MRT,MRT.1_1,Mauritania,Adrar,,423.9009883,,0,0,0,0,0
00007846c1adc2533a38,MRT,MRT.7_1,Mauritania,Hodh ech Chargui,Eastern Hodh|Hodh Charghi|Hodh Oriental,3437.415846,,3961.737272,3961.737272,3961.737272,3961.737272,3961.737272
00007963755b337d8340,MLI,MLI.9_1,Mali,Timbuktu,Timbouctou|Tombouctou|TimbuctÂ|Timbuctu|Tombuktu|TombuctÃº|Tomboucto,24983.69401,,30276.96258,30276.96258,30276.96258,30276.96258,30276.96258
00000cc9f86a5150fd8e,MLI,MLI.4_1,Mali,Kidal,,0,,0,0,0,0,0
0000cbe5ae5b7597717f,MLI,MLI.2_1,Mali,Gao,,25480.33275,,10987.42402,10987.42402,10987.42402,10987.42402,10987.42402
00001585d27a850541e6,BFA,BFA.12_1,Burkina Faso,Sahel,,39386.06746,,34638.44236,34638.44236,34638.44236,34638.44236,34638.44236
0000c770f163a3ab2a9e,MLI,MLI.6_1,Mali,Mopti,,101957.2705,,93229.57595,93229.57595,93229.57595,93229.57595,93229.57595
0000046e2cf5fd905b55,BFA,BFA.10_1,Burkina Faso,Nord,,86106.87665,,63202.67375,63202.67375,63202.67375,63202.67375,63202.67375
0000f2e9059432203744,BFA,BFA.4_1,Burkina Faso,Centre-Nord,,125802.3276,,80307.8571,80307.8571,80307.8571,80307.8571,80307.8571
0000b4e0282372ebaf08,BFA,BFA.8_1,Burkina Faso,Est,,60134.1166,,47497.66732,47497.66732,47497.66732,47497.66732,47497.66732
0000c9a94e51cd4db13e,BFA,BFA.11_1,Burkina Faso,Plateau-Central,,38095.77432,,26062.9232,26062.9232,26062.9232,26062.9232,26062.9232
00002cdc08b8bbaa4fba,BFA,BFA.3_1,Burkina Faso,Centre-Est,,74971.61106,,38726.45254,38726.45254,38726.45254,38726.45254,38726.45254
00003de32091289a3c2f,BFA,BFA.7_1,Burkina Faso,Centre,,6528.318464,,828.1805465,828.1805465,828.1805465,828.1805465,828.1805465
0000d565377a34d68200,BFA,BFA.6_1,Burkina Faso,Centre-Sud,,27611.75183,,20233.38804,20233.38804,20233.38804,20233.38804,20233.38804
000096cf0d6569f37a73,GHA,GHA.7_1,Ghana,Upper East,,12098.99931,,1702.378052,1702.378052,1702.378052,1702.378052,1702.378052
00004f4af390e756511e,TGO,TGO.5_1,Togo,Savanes,RÃ©gion des Savanes,26047.96311,,22418.14696,22418.14696,22418.14696,22418.14696,22418.14696
00004a18528299f30e7b,GHA,GHA.6_1,Ghana,Northern,,31249.35684,,7301.038842,7301.038842,7301.038842,7301.038842,7301.038842
0000f8925c5c9e5607e8,BFA,BFA.5_1,Burkina Faso,Centre-Ouest,,120639.8534,,84883.68536,84883.68536,84883.68536,84883.68536,84883.68536
0000febc2c03e8095cc1,GHA,GHA.8_1,Ghana,Upper West,,7984.406492,,3313.154024,3313.154024,3313.154024,3313.154024,3313.154024
0000f1464e81665a2322,BFA,BFA.1_1,Burkina Faso,Boucle du Mouhoun,,139880.3146,,86501.95762,86501.95762,86501.95762,86501.95762,86501.95762
00006d18bde90d5e3bf7,BFA,BFA.9_1,Burkina Faso,Haut-Bassins,,122799.0639,,79370.42938,79370.42938,79370.42938,79370.42938,79370.42938
0000d59a255e4eaba06b,BFA,BFA.13_1,Burkina Faso,Sud-Ouest,,33225.58805,,26317.00323,26317.00323,26317.00323,26317.00323,26317.00323
0000dc98ea3cd42597eb,BFA,BFA.2_1,Burkina Faso,Cascades,,40654.98605,,21745.52894,21745.52894,21745.52894,21745.52894,21745.52894
0000cd6763c3938e8104,MLI,MLI.8_1,Mali,Sikasso,,263924.7952,,161311.2961,161311.2961,161311.2961,161311.2961,161311.2961
0000354d7484d6713067,MLI,MLI.7_1,Mali,SÃ©gou,Segou,181675.8692,,110294.4427,110294.4427,110294.4427,110294.4427,110294.4427
0000a50735eb481f8af5,MLI,MLI.5_1,Mali,Koulikoro,,180305.2141,,66885.469,66885.469,66885.469,66885.469,66885.469
0000b1b6c0305f4229d0,CIV,CIV.10_1,CÃ´te d'Ivoire,Savanes,,9882.62666,,8054.05618,8054.05618,8054.05618,8054.05618,8054.05618
000066dca0376bf6dc20,MLI,MLI.1_1,Mali,Bamako,,0,,0,0,0,0,0
000098dbce621d2ac3b1,MLI,MLI.3_1,Mali,Kayes,,107086.4581,,77086.66869,77086.66869,77086.66869,77086.66869,77086.66869
00004a31ab78db81c6cb,GIN,GIN.4_1,Guinea,Kankan,,501932.4581,,185789.352,185789.352,185789.352,185789.352,185789.352
0000e6469980eacff98f,GIN,GIN.3_1,Guinea,Faranah,,188436.5861,,169870.6548,169870.6548,169870.6548,169870.6548,169870.6548
0000c5307888e2131c81,MRT,MRT.8_1,Mauritania,Hodh el Gharbi,Hodh Occidental|Western Hodh,3305.301147,,3611.762859,3611.762859,3611.762859,3611.762859,3611.762859
00005d7bcce6b53f4b93,MRT,MRT.2_1,Mauritania,Assaba,AÃ§aba|el-`AÃ§Ã¢ba,9062.611536,,4334.33211,4334.33211,4334.33211,4334.33211,4334.33211
0000316580ec4436d09e,MRT,MRT.11_1,Mauritania,Tagant,,695.7862256,,801.917006,801.917006,801.917006,801.917006,801.917006
0000d6a4dcd131de9ae3,MRT,MRT.3_1,Mauritania,Brakna,,2852.024554,,2061.871289,2061.871289,2061.871289,2061.871289,2061.871289
0000473da798f9bf22a0,MRT,MRT.5_1,Mauritania,Gorgol,,21734.90074,,16841.79284,16841.79284,16841.79284,16841.79284,16841.79284
0000070ae703dd871c86,SEN,SEN.9_1,Senegal,Matam,,21169.0828,,7061.317823,7061.317823,7061.317823,7061.317823,7061.317823
0000f4afb55637b944c2,MRT,MRT.13_1,Mauritania,Trarza,,665.6499268,,643.4930155,643.4930155,643.4930155,643.4930155,643.4930155
00000a97e329c2941d51,MRT,MRT.9_1,Mauritania,Inchiri,,0,,0,0,0,0,0
0000bcf234cd9889cc82,SEN,SEN.10_1,Senegal,Saint-Louis,Fleuve|VallÃ©e du Fleuve,1244.432101,,3902.390218,3902.390218,3902.390218,3902.390218,3902.390218
00008631ba6de554c318,SEN,SEN.8_1,Senegal,Louga,,4278.642018,,3354.49483,3354.49483,3354.49483,3354.49483,3354.49483
0000df7f6d5b15f9a08d,MRT,MRT.10_1,Mauritania,Nouakchott,,0,,0,0,0,0,0
0000ffc9a295e5145dce,MRT,MRT.4_1,Mauritania,Dakhlet Nouadhibou,Dakhlet NouÃ¢dhibou|Baie du LÃ©vrier|LÃ©vrier Bay,0,,0,0,0,0,0
00000bff205a417f3641,SEN,SEN.13_1,Senegal,ThiÃ¨s,,17547.6029,,3320.202671,3320.202671,3320.202671,3320.202671,3320.202671
0000d4c4e2b53225c3b7,SEN,SEN.1_1,Senegal,Dakar,Cap Vert|Dacar,3714.950171,,0,0,0,0,0
00001a20b679ae705ff1,SEN,SEN.2_1,Senegal,Diourbel,,8206.076099,,6131.470634,6131.470634,6131.470634,6131.470634,6131.470634
0000c9c06988cd757bb4,SEN,SEN.3_1,Senegal,Fatick,,30561.68113,,26000.85363,26000.85363,26000.85363,26000.85363,26000.85363
00009258428b84a4bbb3,GMB,GMB.4_1,Gambia,North Bank,,37365.24492,,6843.997301,6843.997301,6843.997301,6843.997301,6843.997301
0000560729acf5d2db25,GMB,GMB.6_1,Gambia,Western,,58928.83444,,22551.90418,22551.90418,22551.90418,22551.90418,22551.90418
0000d8668f8188311ce7,GMB,GMB.1_1,Gambia,Banjul,,0,,0,0,0,0,0
0000c982ccb3ecd976f5,SEN,SEN.14_1,Senegal,Ziguinchor,,56344.52486,,33051.80865,33051.80865,33051.80865,33051.80865,33051.80865
0000ef2ad336db8398c5,GNB,GNB.5_1,Guinea-Bissau,Cacheu,,47479.42145,,39844.21263,39844.21263,39844.21263,39844.21263,39844.21263
0000a00d73b30de79350,GNB,GNB.4_1,Guinea-Bissau,Bolama,Bolama-Bijagcs,7305.35577,,3742.091465,3742.091465,3742.091465,3742.091465,3742.091465
0000a1c738441a486659,GNB,GNB.9_1,Guinea-Bissau,Tombali,,11261.39729,,6634.712233,6634.712233,6634.712233,6634.712233,6634.712233
00004486e2afb34a4d63,GNB,GNB.8_1,Guinea-Bissau,Quinara,Buba,9470.983387,,8.952543592,8.952543592,8.952543592,8.952543592,8.952543592
0000092a7173ace73203,GIN,GIN.1_1,Guinea,BokÃ©,,172121.9768,,60063.74073,60063.74073,60063.74073,60063.74073,60063.74073
00008ea2bf0104e36476,GIN,GIN.5_1,Guinea,Kindia,,122908.4198,,54719.13549,54719.13549,54719.13549,54719.13549,54719.13549
00005089229e88ca61b1,GNB,GNB.6_1,Guinea-Bissau,GabÃº,,25164.59307,,19339.26343,19339.26343,19339.26343,19339.26343,19339.26343
0000d29d932816658073,GNB,GNB.1_1,Guinea-Bissau,BafatÃ¡,,35270.69993,,18795.33913,18795.33913,18795.33913,18795.33913,18795.33913
0000ef286282c2244d97,GNB,GNB.7_1,Guinea-Bissau,Oio,,57850.45453,,29976.34403,29976.34403,29976.34403,29976.34403,29976.34403
00003618694a9df5c034,SEN,SEN.7_1,Senegal,Kolda,,15603.1483,,11697.05953,11697.05953,11697.05953,11697.05953,11697.05953
000015736031466a909e,SEN,SEN.12_1,Senegal,Tambacounda,SÃ©nÃ©gal Oriental,26499.80947,,25158.47364,25158.47364,25158.47364,25158.47364,25158.47364
0000b801f0cec9cc20a1,SEN,SEN.11_1,Senegal,SÃ©dhiou,,54807.30045,,11991.37767,11991.37767,11991.37767,11991.37767,11991.37767
0000602f33c867e3b9b7,GNB,GNB.3_1,Guinea-Bissau,Bissau,,51197.56777,,0,0,0,0,0
00008e0ccc9344e532ea,GNB,GNB.2_1,Guinea-Bissau,Biombo,,60210.24353,,64782.56024,64782.56024,64782.56024,64782.56024,64782.56024
0000bbc6b305f2c6909a,GMB,GMB.2_1,Gambia,Lower River,Central|South Bank,21490.85067,,6616.55337,6616.55337,6616.55337,6616.55337,6616.55337
00004159c410485e6ec8,SEN,SEN.5_1,Senegal,Kaolack,,45155.19954,,26695.35781,26695.35781,26695.35781,26695.35781,26695.35781
0000106e943de78c023c,GMB,GMB.3_1,Gambia,Maccarthy Island,Central River|Jangjangbureh|Janjanbureh|Janjangburreh,48933.44135,,41834.7298,41834.7298,41834.7298,41834.7298,41834.7298
00003e1c753980ca870d,SEN,SEN.4_1,Senegal,Kaffrine,,4305.431573,,4032.038407,4032.038407,4032.038407,4032.038407,4032.038407
00006ba1e01395c37849,GMB,GMB.5_1,Gambia,Upper River,,76575.92678,,27197.47301,27197.47301,27197.47301,27197.47301,27197.47301
0000907166da06af5667,SEN,SEN.6_1,Senegal,KÃ©dougou,SÃ©nÃ©gal Oriental,4885.979,,1002.941611,1002.941611,1002.941611,1002.941611,1002.941611
0000b2f76e1579347564,MRT,MRT.6_1,Mauritania,Guidimaka,Guidimagha|Guidimakha,30072.45734,,28208.49919,28208.49919,28208.49919,28208.49919,28208.49919
0000ab37cc2d64c1717f,GIN,GIN.6_1,Guinea,LabÃ©,,143469.0713,,115873.3083,115873.3083,115873.3083,115873.3083,115873.3083
0000772822dfacd7dde6,GIN,GIN.7_1,Guinea,Mamou,,72249.20499,,60711.63744,60711.63744,60711.63744,60711.63744,60711.63744
000006909bc1d595410e,SLE,SLE.2_1,Sierra Leone,Northern,,340465.115,,303320.1529,303320.1529,303320.1529,303320.1529,303320.1529
000013d321e7152cce44,SLE,SLE.1_1,Sierra Leone,Eastern,,364671.0744,,259919.7282,259919.7282,259919.7282,259919.7282,259919.7282
00003a75c5ae36e696e5,GIN,GIN.2_1,Guinea,Conakry,,156.5005434,,0,0,0,0,0
0000c91c3d31d65c6762,SLE,SLE.3_1,Sierra Leone,Southern,,215181.4315,,178369.8535,178369.8535,178369.8535,178369.8535,178369.8535
0000386c909e82a8650c,SLE,SLE.4_1,Sierra Leone,Western,,121481.5162,,15376.52993,15376.52993,15376.52993,15376.52993,15376.52993
00001e9742320052d8b8,GIN,GIN.8_1,Guinea,NzÃ©rÃ©korÃ©,,556122.3777,,220099.234,220099.234,220099.234,220099.234,220099.234
00006549045a637e2fb7,LBR,LBR.3_1,Liberia,Gbapolu,Gbarpolu,0,,0,0,0,0,0
00003ae2d4bf0b55f62e,LBR,LBR.4_1,Liberia,Grand Cape Mount,,6479.010056,,2912.138189,2912.138189,2912.138189,2912.138189,2912.138189
0000a557ff1c1c7c3b20,LBR,LBR.1_1,Liberia,Bomi,,18368.18179,,12093.23889,12093.23889,12093.23889,12093.23889,12093.23889
00009f930a0069bec042,LBR,LBR.11_1,Liberia,Montserrado,,28091.99791,,12369.28683,12369.28683,12369.28683,12369.28683,12369.28683
00002071b993cf1abaa5,LBR,LBR.9_1,Liberia,Margibi,,53426.94123,,13946.34603,13946.34603,13946.34603,13946.34603,13946.34603
0000efc0e6b1324328e1,CIV,CIV.2_1,CÃ´te d'Ivoire,Bas-Sassandra,,212860.3508,,145352.9086,145352.9086,145352.9086,145352.9086,145352.9086
0000aa958ecd3715c755,LBR,LBR.10_1,Liberia,Maryland,,54660.88478,,28666.7692,28666.7692,28666.7692,28666.7692,28666.7692
0000cd72e9ef91220391,LBR,LBR.7_1,Liberia,GrandKru,Grand Kru,119.3725679,,135.2081477,135.2081477,135.2081477,135.2081477,135.2081477
00007d6ec3b1bbe8f4d4,LBR,LBR.14_1,Liberia,River Gee,,15646.65684,,7898.85143,7898.85143,7898.85143,7898.85143,7898.85143
0000f40ba36f9387ba73,LBR,LBR.15_1,Liberia,Sinoe,,4114.584205,,5184.665119,5184.665119,5184.665119,5184.665119,5184.665119
00008b191d54f6a664e1,LBR,LBR.5_1,Liberia,GrandBassa,Grand Bassa,10161.6598,,4088.445634,4088.445634,4088.445634,4088.445634,4088.445634
0000defcf5b9a720b1a9,LBR,LBR.13_1,Liberia,River Cess,Rivercess,12513.78568,,11364.44941,11364.44941,11364.44941,11364.44941,11364.44941
00006c59a95551c057d6,LBR,LBR.6_1,Liberia,GrandGedeh,Grand Gedeh,22843.78797,,17714.20291,17714.20291,17714.20291,17714.20291,17714.20291
000063949a259c126e3a,CIV,CIV.8_1,CÃ´te d'Ivoire,Montagnes,,285863.1317,,161721.0703,161721.0703,161721.0703,161721.0703,161721.0703
0000f7ee77724941fe4b,LBR,LBR.12_1,Liberia,Nimba,,119430.3573,,57502.73031,57502.73031,57502.73031,57502.73031,57502.73031
0000c27beff12c9248fa,LBR,LBR.2_1,Liberia,Bong,,101407.9013,,64816.10012,64816.10012,64816.10012,64816.10012,64816.10012
000054bf1264cdd7cbb3,LBR,LBR.8_1,Liberia,Lofa,,117114.4253,,103784.4514,103784.4514,103784.4514,103784.4514,103784.4514
0000b8870bad030fd0ba,CIV,CIV.4_1,CÃ´te d'Ivoire,DenguÃ©lÃ©,,8284.75976,,1379.071985,1379.071985,1379.071985,1379.071985,1379.071985
0000a50fa2869366876b,CIV,CIV.12_1,CÃ´te d'Ivoire,Woroba,,16974.92076,,1911.75355,1911.75355,1911.75355,1911.75355,1911.75355
0000b9090754a59a1575,CIV,CIV.9_1,CÃ´te d'Ivoire,Sassandra-MarahouÃ©,,116523.7923,,96642.60897,96642.60897,96642.60897,96642.60897,96642.60897
0000b2e1df0c1568c2c8,CIV,CIV.11_1,CÃ´te d'Ivoire,VallÃ©e du Bandama,,16108.16598,,11924.72334,11924.72334,11924.72334,11924.72334,11924.72334
0000656b0e363a060add,CIV,CIV.6_1,CÃ´te d'Ivoire,Lacs,,2766.153156,,622.2144007,622.2144007,622.2144007,622.2144007,622.2144007
0000701e3d5d38823afb,CIV,CIV.13_1,CÃ´te d'Ivoire,Yamoussoukro,,0,,0,0,0,0,0
000092c509a76a18ea90,CIV,CIV.7_1,CÃ´te d'Ivoire,Lagunes,,25281.33176,,9938.917306,9938.917306,9938.917306,9938.917306,9938.917306
00006963ce9fa7537179,CIV,CIV.5_1,CÃ´te d'Ivoire,GÃ´h-Djiboua,,16794.36569,,3418.164376,3418.164376,3418.164376,3418.164376,3418.164376
00001d89e5cdde269603,CIV,CIV.1_1,CÃ´te d'Ivoire,Abidjan,,46.11262137,,0,0,0,0,0
0000a66c4948401503de,CIV,CIV.3_1,CÃ´te d'Ivoire,ComoÃ©,,14825.16934,,4705.178891,4705.178891,4705.178891,4705.178891,4705.178891
000026df4ecb8fbc35c3,GHA,GHA.10_1,Ghana,Western,,15409.58889,,1417.63654,1417.63654,1417.63654,1417.63654,1417.63654
0000c35f47912db7c5b6,GHA,GHA.2_1,Ghana,Brong Ahafo,,60835.47544,,2411.854266,2411.854266,2411.854266,2411.854266,2411.854266
0000950f91de922668c8,CIV,CIV.14_1,CÃ´te d'Ivoire,Zanzan,,21338.54578,,6538.468603,6538.468603,6538.468603,6538.468603,6538.468603
00008053294388014a85,GHA,GHA.9_1,Ghana,Volta,,37363.40236,,6924.202099,6924.202099,6924.202099,6924.202099,6924.202099
00007dd09fb93783d97c,GHA,GHA.1_1,Ghana,Ashanti,,13288.69267,,2432.548633,2432.548633,2432.548633,2432.548633,2432.548633
0000cc7e8b9a4f17a1d4,GHA,GHA.4_1,Ghana,Eastern,,37100.84714,,27363.83726,27363.83726,27363.83726,27363.83726,27363.83726
0000f7f5c50752361d6c,GHA,GHA.3_1,Ghana,Central,,8465.038432,,38.36638575,38.36638575,38.36638575,38.36638575,38.36638575
00009a7340ea9f9a76f8,GHA,GHA.5_1,Ghana,Greater Accra,,9471.795422,,648.4131743,648.4131743,648.4131743,648.4131743,648.4131743
00000c7405ce08e51702,TGO,TGO.3_1,Togo,Maritime,RÃ©gion Maritime,150007.5117,,56966.49809,56966.49809,56966.49809,56966.49809,56966.49809
0000e3df791696cbba8c,BEN,BEN.8_1,Benin,Littoral,,0,,0,0,0,0,0
0000a8eddbe2b4857417,BEN,BEN.3_1,Benin,Atlantique,,72572.42354,,24788.68288,24788.68288,24788.68288,24788.68288,24788.68288
0000888616bbacfa4bbc,BEN,BEN.9_1,Benin,Mono,,108269.0533,,51067.07619,51067.07619,51067.07619,51067.07619,51067.07619
0000bf8d2448e9ed0d55,TGO,TGO.4_1,Togo,Plateaux,RÃ©gion des Plateaux,191343.1795,,117478.9101,117478.9101,117478.9101,117478.9101,117478.9101
0000ef6418c19db6364a,BEN,BEN.7_1,Benin,Kouffo,Couffo,345381.3809,,250630.1907,250630.1907,250630.1907,250630.1907,250630.1907
00004d0b034b83cbcc40,BEN,BEN.10_1,Benin,OuÃ©mÃ©,,73326.24632,,20201.82835,20201.82835,20201.82835,20201.82835,20201.82835
00007a53e783ca808e01,BEN,BEN.12_1,Benin,Zou,,291672.4398,,128181.3286,128181.3286,128181.3286,128181.3286,128181.3286
00009106634d70aaeb2d,BEN,BEN.11_1,Benin,Plateau,,132757.5672,,31411.98966,31411.98966,31411.98966,31411.98966,31411.98966
0000464eb5e9b0693a2f,BEN,BEN.5_1,Benin,Collines,,98389.35343,,41001.55478,41001.55478,41001.55478,41001.55478,41001.55478
0000f75b01818ef10c75,TGO,TGO.1_1,Togo,Centre,"RÃ©gion Centrale, RÃ©gion du Centre",43731.37753,,1471.303854,1471.303854,1471.303854,1471.303854,1471.303854
0000ea598ff996305f7c,TGO,TGO.2_1,Togo,Kara,RÃ©gion de la Kara,24857.78049,,7001.267583,7001.267583,7001.267583,7001.267583,7001.267583
00005adaeb3c2d863410,BEN,BEN.2_1,Benin,Atakora,,47922.18349,,34216.6921,34216.6921,34216.6921,34216.6921,34216.6921
000026bb99e27bcda8e6,BEN,BEN.6_1,Benin,Donga,,15437.8459,,5395.054525,5395.054525,5395.054525,5395.054525,5395.054525
0000dfdfda48763359e2,BEN,BEN.4_1,Benin,Borgou,,129293.3182,,69481.75919,69481.75919,69481.75919,69481.75919,69481.75919
0000faffcfa259c87575,BEN,BEN.1_1,Benin,Alibori,,121599.3917,,76069.82285,76069.82285,76069.82285,76069.82285,76069.82285
0000b6540229192ca1b6,NGA,NGA.28_1,Nigeria,Ogun,,180906.5465,,94176.02427,94176.02427,94176.02427,94176.02427,94176.02427
0000712fa9c4693c1e70,NGA,NGA.31_1,Nigeria,Oyo,,1033277.502,,716361.4501,716361.4501,716361.4501,716361.4501,716361.4501
00008754aea269f091a6,NGA,NGA.24_1,Nigeria,Kwara,,140042.887,,260836.7333,260836.7333,260836.7333,260836.7333,260836.7333
0000cff2cf340fc25c68,NGA,NGA.27_1,Nigeria,Niger,,299353.3601,,415665.4246,415665.4246,415665.4246,415665.4246,415665.4246
000086db067f7e7fba7a,NGA,NGA.22_1,Nigeria,Kebbi,,563966.7831,,584472.3087,584472.3087,584472.3087,584472.3087,584472.3087
0000ade5866d5f103b3e,NGA,NGA.30_1,Nigeria,Osun,,484056.5567,,402054.7906,402054.7906,402054.7906,402054.7906,402054.7906
00009ee63f56e1377cab,NGA,NGA.13_1,Nigeria,Ekiti,,610079.111,,412181.0478,412181.0478,412181.0478,412181.0478,412181.0478
0000e5b6f385e54dee20,NGA,NGA.29_1,Nigeria,Ondo,,1059952.742,,906814.0754,906814.0754,906814.0754,906814.0754,906814.0754
000078a6d5139a28657b,NGA,NGA.25_1,Nigeria,Lagos,,54064.86943,,4259.612102,4259.612102,4259.612102,4259.612102,4259.612102
0000f25430d07d644919,NGA,NGA.12_1,Nigeria,Edo,,213287.0938,,259134.2144,259134.2144,259134.2144,259134.2144,259134.2144
000015f1463bd1f68b4a,NGA,NGA.10_1,Nigeria,Delta,,403366.058,,174283.0935,174283.0935,174283.0935,174283.0935,174283.0935
00009115dd65a31ef699,NGA,NGA.6_1,Nigeria,Bayelsa,,178743.5752,,85332.27922,85332.27922,85332.27922,85332.27922,85332.27922
00009184c4657478a4b9,NGA,NGA.33_1,Nigeria,Rivers,,186462.5988,,68735.85893,68735.85893,68735.85893,68735.85893,68735.85893
0000e770a4f2ecd14d9b,NGA,NGA.17_1,Nigeria,Imo,,1011991.799,,1436596.861,1436596.861,1436596.861,1436596.861,1436596.861
00004dacbba479e051a8,NGA,NGA.1_1,Nigeria,Abia,,472061.2635,,556538.3088,556538.3088,556538.3088,556538.3088,556538.3088
00008ee1c94c90c48916,NGA,NGA.3_1,Nigeria,Akwa Ibom,,638029.5323,,899008.5955,899008.5955,899008.5955,899008.5955,899008.5955
000025950f8a4f09b20e,NGA,NGA.4_1,Nigeria,Anambra,,896427.2266,,424341.634,424341.634,424341.634,424341.634,424341.634
0000e4ad2f108d44f954,NGA,NGA.14_1,Nigeria,Enugu,,514511.7025,,418358.144,418358.144,418358.144,418358.144,418358.144
000021ade234a37404fd,NGA,NGA.11_1,Nigeria,Ebonyi,,621736.5516,,591721.7415,591721.7415,591721.7415,591721.7415,591721.7415
00000edfd9a2dec946f5,NGA,NGA.23_1,Nigeria,Kogi,,888564.9209,,887308.0851,887308.0851,887308.0851,887308.0851,887308.0851
0000b99916543198cba5,NGA,NGA.7_1,Nigeria,Benue,,542942.2608,,440912.7909,440912.7909,440912.7909,440912.7909,440912.7909
0000d615e344d505bdad,NGA,NGA.19_1,Nigeria,Kaduna,,942777.4056,,748810.3821,748810.3821,748810.3821,748810.3821,748810.3821
000068e36c33a400b1bc,NGA,NGA.15_1,Nigeria,Federal Capital Territory,Abuja,80502.07322,,81879.2655,81879.2655,81879.2655,81879.2655,81879.2655
000079725cdea9eed340,NGA,NGA.26_1,Nigeria,Nassarawa,,217928.9537,,227945.8328,227945.8328,227945.8328,227945.8328,227945.8328
000041ceb852bfc04df8,NGA,NGA.35_1,Nigeria,Taraba,,359690.1055,,348606.3801,348606.3801,348606.3801,348606.3801,348606.3801
0000526b9b71ecf80b29,NGA,NGA.32_1,Nigeria,Plateau,,500197.3447,,410490.0082,410490.0082,410490.0082,410490.0082,410490.0082
000063fe1d1a23b39d35,NGA,NGA.5_1,Nigeria,Bauchi,,588166.9324,,871623.0661,871623.0661,871623.0661,871623.0661,871623.0661
00002e1b6109afe4e5a6,CMR,CMR.6_1,Cameroon,Nord-Ouest,North-West,569490.847,,625401.1612,625401.1612,625401.1612,625401.1612,625401.1612
0000270f8a94f0b1bede,CMR,CMR.9_1,Cameroon,Sud-Ouest,South-West,184703.314,,244873.8574,244873.8574,244873.8574,244873.8574,244873.8574
0000b8d8b4dafdd5cb20,NGA,NGA.9_1,Nigeria,Cross River,,622409.0104,,715769.4897,715769.4897,715769.4897,715769.4897,715769.4897
000098adef4a4a4b4374,CMR,CMR.5_1,Cameroon,Littoral,Litoral,38300.75572,,23077.94302,23077.94302,23077.94302,23077.94302,23077.94302
00001a9f7acc9d636a36,CMR,CMR.8_1,Cameroon,Ouest,West,457934.1111,,274947.6255,274947.6255,274947.6255,274947.6255,274947.6255
000025e4597069f682cb,CMR,CMR.2_1,Cameroon,Centre,Central,19376.53364,,12491.97249,12491.97249,12491.97249,12491.97249,12491.97249
00001f45d6db090bbc04,CMR,CMR.10_1,Cameroon,Sud,South,26798.57281,,28242.8646,28242.8646,28242.8646,28242.8646,28242.8646
00006e537bac334198a5,GNQ,GNQ.3_1,Equatorial Guinea,Bioko Sur,,0,,0,0,0,0,0
0000b7fdc0aaa2e865d2,GNQ,GNQ.2_1,Equatorial Guinea,Bioko Norte,,0,,0,0,0,0,0
00002773999585dc88f9,STP,STP.1_1,SÃ£o TomÃ© and PrÃ­ncipe,PrÃ­ncipe,,0,,0,0,0,0,0
00003df978464a208432,STP,STP.2_1,SÃ£o TomÃ© and PrÃ­ncipe,SÃ£o TomÃ©,,0,,0,0,0,0,0
00008a0fa9a54731760c,GNQ,GNQ.6_1,Equatorial Guinea,Litoral,,333.2992859,,537.9820819,537.9820819,537.9820819,537.9820819,537.9820819
00007786a6b8d88b1157,GNQ,GNQ.4_1,Equatorial Guinea,Centro Sur,,0,,0,0,0,0,0
0000ae383ea50e31a5ea,GNQ,GNQ.5_1,Equatorial Guinea,KiÃ©-Ntem,,166.3098348,,47.29507361,47.29507361,47.29507361,47.29507361,47.29507361
00001be814d4348d6623,GNQ,GNQ.7_1,Equatorial Guinea,Wele-Nzas,,0,,0,0,0,0,0
0000eecc58c60e2bfd69,GAB,GAB.1_1,Gabon,Estuaire,,7316.305163,,183.8817801,183.8817801,183.8817801,183.8817801,183.8817801
00007604878cfa58acee,GAB,GAB.9_1,Gabon,Wouleu-Ntem,Woleu-Ntem,0,,0,0,0,0,0
0000f2b17ebd3fdc302b,GAB,GAB.3_1,Gabon,Moyen-OgoouÃ©,,0,,0,0,0,0,0
00007134e2b791339504,GAB,GAB.6_1,Gabon,OgoouÃ©-Ivindo,,565.2905235,,0,0,0,0,0
000013a1583ca0b59341,GAB,GAB.7_1,Gabon,OgoouÃ©-Lolo,,0,,0,0,0,0,0
000041c448437b95f5ec,GAB,GAB.2_1,Gabon,Haut-OgoouÃ©,,1395.355079,,194.0219698,194.0219698,194.0219698,194.0219698,194.0219698
0000063786ee96409859,COG,COG.12_1,Republic of Congo,Sangha,,17225.82701,,15950.52967,15950.52967,15950.52967,15950.52967,15950.52967
00006b5c161efe44295d,CMR,CMR.3_1,Cameroon,Est,East,78239.92629,,84855.5551,84855.5551,84855.5551,84855.5551,84855.5551
000000ac1361b5268e55,CAF,CAF.8_1,Central African Republic,MambÃ©rÃ©-KadÃ©Ã¯,Haute-Sangha|MambÃ©rÃ© KadÃ©i,215542.8178,,195075.0508,195075.0508,195075.0508,195075.0508,195075.0508
00000ee5809a36127e9b,CAF,CAF.16_1,Central African Republic,Sangha-MbaÃ©rÃ©,Sangha|Sangha-Ã‰conomique|Sangha M'baÃ©rÃ©,76052.58761,,80172.93811,80172.93811,80172.93811,80172.93811,80172.93811
000029a251a27e50f87f,COG,COG.7_1,Republic of Congo,Likouala,,229018.1686,,232537.6754,232537.6754,232537.6754,232537.6754,232537.6754
000089c112fea7ff3c93,COG,COG.3_1,Republic of Congo,Cuvette-Ouest,,15612.80653,,59684.33344,59684.33344,59684.33344,59684.33344,59684.33344
000079303b39afc72ba2,COG,COG.4_1,Republic of Congo,Cuvette,,1747.685024,,11400.95419,11400.95419,11400.95419,11400.95419,11400.95419
00000595878e537e44ad,COD,COD.2_1,Democratic Republic of the Congo,Ã‰quateur,,630847.3047,,680974.5307,680974.5307,680974.5307,680974.5307,680974.5307
00003974b6f6c2b66948,COD,COD.23_1,Democratic Republic of the Congo,Sud-Ubangi,,883486.8687,,1024099.673,1024099.673,1024099.673,1024099.673,1024099.673
00001efd85635b94235a,COD,COD.18_1,Democratic Republic of the Congo,Mongala,,510388.2283,,582709.9635,582709.9635,582709.9635,582709.9635,582709.9635
0000b4e3f1564d04371a,COD,COD.26_1,Democratic Republic of the Congo,Tshuapa,,201050.7249,,236316.3232,236316.3232,236316.3232,236316.3232,236316.3232
0000c93131fce0830cee,COD,COD.25_1,Democratic Republic of the Congo,Tshopo,,547575.7502,,633990.2899,633990.2899,633990.2899,633990.2899,633990.2899
0000b1f4aa4fb61d2348,COD,COD.20_1,Democratic Republic of the Congo,Nord-Ubangi,,318487.3989,,442902.9829,442902.9829,442902.9829,442902.9829,442902.9829
0000a040890be13281d7,COD,COD.1_1,Democratic Republic of the Congo,Bas-UÃ©lÃ©,,439537.2922,,518594.2148,518594.2148,518594.2148,518594.2148,518594.2148
00001ad59ec040f20dcf,CAF,CAF.3_1,Central African Republic,Basse-Kotto,,41701.28819,,50219.63796,50219.63796,50219.63796,50219.63796,50219.63796
00001520d603a4543923,CAF,CAF.9_1,Central African Republic,Mbomou,M'Bomou,69717.26279,,68977.77399,68977.77399,68977.77399,68977.77399,68977.77399
0000daf335a5637b156f,CAF,CAF.13_1,Central African Republic,Ouaka,,93349.66586,,61864.03473,61864.03473,61864.03473,61864.03473,61864.03473
00007c6081bc29fffecc,CAF,CAF.12_1,Central African Republic,Ombella-M'Poko,Ombella-Mpoko|Ombella-Mpoko|Ombelle Mpoko,84727.78113,,66022.40419,66022.40419,66022.40419,66022.40419,66022.40419
00005d43643478cab468,CAF,CAF.7_1,Central African Republic,Lobaye,,128797.1578,,135191.2956,135191.2956,135191.2956,135191.2956,135191.2956
00003e6190ed677a4eab,CAF,CAF.2_1,Central African Republic,Bangui,,252.0673082,,0,0,0,0,0
00006e02d41522947da6,CAF,CAF.15_1,Central African Republic,Ouham,,144218.2087,,133922.7948,133922.7948,133922.7948,133922.7948,133922.7948
0000c3db4d2a7c0a750b,CAF,CAF.14_1,Central African Republic,Ouham-PendÃ©,,117778.4562,,115724.0986,115724.0986,115724.0986,115724.0986,115724.0986
00005bf3c3cfea95170f,CAF,CAF.6_1,Central African Republic,KÃ©mo,KÃ©mo-Gribingui|KÃ©mo-Ibingui,49855.4996,,51512.34072,51512.34072,51512.34072,51512.34072,51512.34072
0000bcc5b7361d8466f0,CAF,CAF.10_1,Central African Republic,Nana-GrÃ©bizi,Nana-Gribingui|Gribingui|Gribingui-Ã‰conomique|Ibingui|Nana Gribizi,25979.7476,,13932.01235,13932.01235,13932.01235,13932.01235,13932.01235
00009d106bf3c7348814,CAF,CAF.5_1,Central African Republic,Haute-Kotto,,57489.7677,,15199.61257,15199.61257,15199.61257,15199.61257,15199.61257
000078f95389c40d7aa6,CAF,CAF.1_1,Central African Republic,Bamingui-Bangoran,Bamingui-Bangora|N'DÃ©lÃ©|NdÃ©lÃ©,16193.90698,,8091.844163,8091.844163,8091.844163,8091.844163,8091.844163
000017fa49bf878f0495,CAF,CAF.17_1,Central African Republic,Vakaga,Birao,12746.94596,,13495.39203,13495.39203,13495.39203,13495.39203,13495.39203
0000822373c7d739bb1d,TCD,TCD.18_1,Chad,Salamat,,57484.72391,,53196.88075,53196.88075,53196.88075,53196.88075,53196.88075
0000669ff2dd5fd626c5,TCD,TCD.16_1,Chad,Moyen-Chari,,99510.31924,,93142.42284,93142.42284,93142.42284,93142.42284,93142.42284
00005c4bd53a55ca76b7,TCD,TCD.7_1,Chad,GuÃ©ra,Guera|Baguirmi,33620.74612,,24571.39856,24571.39856,24571.39856,24571.39856,24571.39856
0000dc4f8859096f9183,TCD,TCD.13_1,Chad,Mandoul,,122084.518,,108511.8912,108511.8912,108511.8912,108511.8912,108511.8912
0000e16bba014f27175a,TCD,TCD.12_1,Chad,Logone Oriental,Logone-Oriental,71026.11402,,81583.15334,81583.15334,81583.15334,81583.15334,81583.15334
0000acef020b7017401c,TCD,TCD.11_1,Chad,Logone Occidental,Logone-Occidental,91285.00282,,97148.19795,97148.19795,97148.19795,97148.19795,97148.19795
00003e7e5c9b2223d7ed,TCD,TCD.20_1,Chad,TandjilÃ©,Tandjile,98717.23825,,102873.5836,102873.5836,102873.5836,102873.5836,102873.5836
0000b4384a316e0e38e0,TCD,TCD.4_1,Chad,Chari-Baguirmi,,40389.1043,,30058.31647,30058.31647,30058.31647,30058.31647,30058.31647
000059cfee45c012798d,TCD,TCD.14_1,Chad,Mayo-Kebbi Est,,72441.80033,,73058.80636,73058.80636,73058.80636,73058.80636,73058.80636
000098ab3a5abe215e6d,TCD,TCD.15_1,Chad,Mayo-Kebbi Ouest,,95189.69258,,97132.04499,97132.04499,97132.04499,97132.04499,97132.04499
00003af4f9497d8f16c6,CMR,CMR.4_1,Cameroon,ExtrÃªme-Nord,Extreme-North,466206.3893,,465956.4245,465956.4245,465956.4245,465956.4245,465956.4245
00007c35f4157aa5ba83,CMR,CMR.7_1,Cameroon,Nord,North,237816.04,,196069.6294,196069.6294,196069.6294,196069.6294,196069.6294
0000ada3abdf7978211d,CMR,CMR.1_1,Cameroon,Adamaoua,Adamoua|Adamaua|Adamawa,86499.13808,,111932.3185,111932.3185,111932.3185,111932.3185,111932.3185
000046b4e30b2e3200e3,CAF,CAF.11_1,Central African Republic,Nana-MambÃ©rÃ©,Bouar-Baboua|Buar-Baboua|Nana NambÃ©rÃ©,79625.06914,,62538.90107,62538.90107,62538.90107,62538.90107,62538.90107
00000867a59d56218d59,NGA,NGA.2_1,Nigeria,Adamawa,,963294.0011,,629300.5629,629300.5629,629300.5629,629300.5629,629300.5629
000073643076e8624903,NGA,NGA.8_1,Nigeria,Borno,,1313167.308,,1337178.829,1337178.829,1337178.829,1337178.829,1337178.829
000009270cb3ea6b09f7,NGA,NGA.16_1,Nigeria,Gombe,,248835.9441,,347218.1955,347218.1955,347218.1955,347218.1955,347218.1955
0000b23f872544d8fbf4,NGA,NGA.36_1,Nigeria,Yobe,,350118.0222,,220504.4099,220504.4099,220504.4099,220504.4099,220504.4099
00001dc71b8047efc22f,NER,NER.2_1,Niger,Diffa,,29245.41092,,34961.76969,34961.76969,34961.76969,34961.76969,34961.76969
00006681547ff8353236,NER,NER.8_1,Niger,Zinder,,281575.9741,,292519.7026,292519.7026,292519.7026,292519.7026,292519.7026
000020579476e8fc7563,TCD,TCD.10_1,Chad,Lac,,20407.6056,,15151.27297,15151.27297,15151.27297,15151.27297,15151.27297
0000b9fc837d7ca3cf54,TCD,TCD.8_1,Chad,Hadjer-Lamis,,74532.05289,,74365.08154,74365.08154,74365.08154,74365.08154,74365.08154
00007ab78b732c2af994,TCD,TCD.9_1,Chad,Kanem,,17366.75368,,21719.57922,21719.57922,21719.57922,21719.57922,21719.57922
0000acf66acc0cd20e98,TCD,TCD.1_1,Chad,Barh el Ghazel,,19390.57293,,4234.620304,4234.620304,4234.620304,4234.620304,4234.620304
00009570f0b01a3a9075,TCD,TCD.22_1,Chad,Ville de N'Djamena,N'Djamena,668.5729056,,59.24998788,59.24998788,59.24998788,59.24998788,59.24998788
0000fd665106236d84ac,TCD,TCD.2_1,Chad,Batha,,39535.07988,,48119.24471,48119.24471,48119.24471,48119.24471,48119.24471
000039b02c55bd96ec33,TCD,TCD.19_1,Chad,Sila,,11429.04909,,14066.56159,14066.56159,14066.56159,14066.56159,14066.56159
000019d7bb4523a554e0,SDN,SDN.4_1,Sudan,Central Darfur,Zalingei,421119.4591,,440160.4539,440160.4539,440160.4539,440160.4539,440160.4539
00000db0de341657ccbf,SDN,SDN.16_1,Sudan,West Darfur,DÄrfÅ«r al GharbÄ«yah|Gharb DÄrfÅ«r,316824.2462,,385077.9065,385077.9065,385077.9065,385077.9065,385077.9065
0000aba16bfdbc7762f5,TCD,TCD.17_1,Chad,OuaddaÃ¯,Ouaddai|OuadaÃ¯,17969.52576,,19451.90416,19451.90416,19451.90416,19451.90416,19451.90416
0000ac555ceadbca493a,TCD,TCD.23_1,Chad,Wadi Fira,Biltine,71217.5512,,83112.56315,83112.56315,83112.56315,83112.56315,83112.56315
0000c527587703b8d914,TCD,TCD.3_1,Chad,Borkou,Borkou,42830.287,,25775.92686,25775.92686,25775.92686,25775.92686,25775.92686
0000e2a2691bad497596,TCD,TCD.6_1,Chad,Ennedi Ouest,,12215.81775,,14256.15962,14256.15962,14256.15962,14256.15962,14256.15962
0000616bfaf1685914e3,TCD,TCD.5_1,Chad,Ennedi Est,,22552.44131,,26319.25344,26319.25344,26319.25344,26319.25344,26319.25344
000072b78f2a0fbc9dba,LBY,LBY.6_1,Libya,Al Kufrah,al-Kufra|Kufra|Kofra|Cufra,0,,0,0,0,0,0
0000225b57fcce60d28e,TCD,TCD.21_1,Chad,Tibesti,,9.366615205,,10.93107021,10.93107021,10.93107021,10.93107021,10.93107021
00004b1e7457bc4c7322,NER,NER.1_1,Niger,Agadez,AgadÃ¨s,5548.290935,,2072.636995,2072.636995,2072.636995,2072.636995,2072.636995
0000ab8f0af795ee1bc1,DZA,DZA.41_1,Algeria,Tamanghasset,Tamanrasset|Tamenghasset|Tamenghest|Fort Laperrine,0,,0,0,0,0,0
000079b624a9c01dd811,NER,NER.6_1,Niger,Tahoua,,159024.3047,,167259.531,167259.531,167259.531,167259.531,167259.531
000073023c8fcb4586e2,NER,NER.4_1,Niger,Maradi,,349815.2613,,379887.5421,379887.5421,379887.5421,379887.5421,379887.5421
0000d86aa1085ab294b8,NGA,NGA.18_1,Nigeria,Jigawa,,859618.5224,,663211.9714,663211.9714,663211.9714,663211.9714,663211.9714
0000723d38fb21273cc9,NGA,NGA.20_1,Nigeria,Kano,,2842896.678,,2012426.111,2012426.111,2012426.111,2012426.111,2012426.111
0000610b5ea69a267710,NGA,NGA.21_1,Nigeria,Katsina,,1746626.57,,1302002.008,1302002.008,1302002.008,1302002.008,1302002.008
0000d94d8a3f00e63790,NGA,NGA.34_1,Nigeria,Sokoto,,1455546.198,,1259134.686,1259134.686,1259134.686,1259134.686,1259134.686
0000012b8844096096cb,NGA,NGA.37_1,Nigeria,Zamfara,,877670.9352,,726612.4204,726612.4204,726612.4204,726612.4204,726612.4204
00008f769bcd71d9168b,NER,NER.7_1,Niger,TillabÃ©ry,TillabÃ©ri,138755.7421,,122103.1506,122103.1506,122103.1506,122103.1506,122103.1506
0000ebf638a08a7e99f6,NER,NER.3_1,Niger,Dosso,,163279.3465,,156435.894,156435.894,156435.894,156435.894,156435.894
00004e20811d771dfc39,NER,NER.5_1,Niger,Niamey,,4120.020477,,0,0,0,0,0
00006d54606fae2ab48b,DZA,DZA.33_1,Algeria,Ouargla,Wargla,0,,0,0,0,0,0
000032eaad687ee5d47a,DZA,DZA.22_1,Algeria,Illizi,Polignac|Fort Polignac|Ilizi,0,,0,0,0,0,0
000045bd7f6e424ee3b6,LBY,LBY.14_1,Libya,Ghat,Gat,0,,0,0,0,0,0
00000666f5049f471c75,LBY,LBY.22_1,Libya,Wadi ash Shati',Wadi Al Shatii|Shati|Wadi ash-Shati'| WÄdÄ« aÅ¡ Å Äá¹­i'| AÅ¡ Å Äá¹­i',0,,0,0,0,0,0
0000251b3b814e8b4c40,LBY,LBY.17_1,Libya,Nalut,NÄlÅ«t|Nalut LalÅ«t,0,,0,0,0,0,0
0000d8a5d00b3984a451,TUN,TUN.21_1,Tunisia,Tataouine,Foum Tataouine|Tatahouine|Tatuine|TaÅ£ÄwÄ«n,0,,0,0,0,0,0
00005a323f59aa68627a,DZA,DZA.18_1,Algeria,El Oued,El Ouadi|El Wad,0,,0,0,0,0,0
0000638ca12d418af567,TUN,TUN.10_1,Tunisia,Kebili,Kebilli|Qbili|QibilÄ«,0,,0,0,0,0,0
0000600e936d1cf4d96a,TUN,TUN.5_1,Tunisia,GabÃ¨s,QÄbis|GabÄs,0,,0,0,0,0,0
00009b68f023a9d83a6d,TUN,TUN.14_1,Tunisia,MÃ©denine,MadanÄ«yÄ«n|MadanÄ«n|Medenin,0,,0,0,0,0,0
000077cb5b6e52d1523e,TUN,TUN.6_1,Tunisia,Gafsa,Gafá¹£ah|Qafá¹£ah,0,,0,0,0,0,0
0000ecc0283050adfab3,TUN,TUN.22_1,Tunisia,Tozeur,Tawzar|Touzar|TÅ«zar,0,,0,0,0,0,0
0000ed58bb4c157a03d5,DZA,DZA.42_1,Algeria,TÃ©bessa,Tbessa,0,,0,0,0,0,0
0000ce71371588120c0b,DZA,DZA.24_1,Algeria,Khenchela,Khenchela,0,,0,0,0,0,0
0000dc15b0a6faf9b3df,DZA,DZA.9_1,Algeria,Biskra,Beskra,0,,0,0,0,0,0
0000e12cf1ae0d51448a,DZA,DZA.16_1,Algeria,Djelfa,El Djelfa,0,,0,0,0,0,0
0000c27c4952db688c5f,DZA,DZA.25_1,Algeria,Laghouat,,0,,0,0,0,0,0
0000b688dfb6c128e5bf,DZA,DZA.20_1,Algeria,GhardaÃ¯a,GhardaSa|Gharday,0,,0,0,0,0,0
0000bbea01cd13303cf0,DZA,DZA.26_1,Algeria,M'Sila,Msila,0,,0,0,0,0,0
0000943b12b8c39b3cc1,DZA,DZA.43_1,Algeria,Tiaret,Tendouf|Tihert,0,,0,0,0,0,0
0000dc32ed271907eadf,DZA,DZA.35_1,Algeria,Relizane,Ghelizane|Ghilizane,0,,0,0,0,0,0
00003a746016ffd32728,DZA,DZA.14_1,Algeria,Chlef,El Asnam|OrlÃ©ansville|Ech Cheliff,0,,0,0,0,0,0
000094fef22cbfa30171,DZA,DZA.46_1,Algeria,Tissemsilt,Vialar,0,,0,0,0,0,0
0000e643484d37b3de29,DZA,DZA.2_1,Algeria,AÃ¯n Defla,Ain Dafla,0,,0,0,0,0,0
00007942eaae7537625b,DZA,DZA.45_1,Algeria,Tipaza,Tibaza| Tefessedt,0,,0,0,0,0,0
00009c8d53095e02ad48,DZA,DZA.28_1,Algeria,MÃ©dÃ©a,El Mediyya|Lemdiyya,0,,0,0,0,0,0
0000fd92a0984f8894cc,DZA,DZA.6_1,Algeria,Batna,,0,,0,0,0,0,0
000097566aa1aa72faab,DZA,DZA.11_1,Algeria,Bordj Bou ArrÃ©ridj,Borjbouarirej|Bordi Bou Arreridj,0,,0,0,0,0,0
0000abed7ab41e008a53,DZA,DZA.37_1,Algeria,SÃ©tif,Stif,0,,0,0,0,0,0
00007390ac61ad72879a,DZA,DZA.12_1,Algeria,Bouira,,0,,0,0,0,0,0
0000502c37f0d0f0c8fa,DZA,DZA.47_1,Algeria,Tizi Ouzou,Tizi-ouzou|Tizi Wezzu,0,,0,0,0,0,0
0000976df98db45d0aae,DZA,DZA.8_1,Algeria,BÃ©jaÃ¯a,Bougie|Bedjaya|Bidjaia|Bugia|Bujia,0,,0,0,0,0,0
0000afbe9b4e6287b790,DZA,DZA.13_1,Algeria,BoumerdÃ¨s,Boumerdas,0,,0,0,0,0,0
000086624089902bb150,DZA,DZA.4_1,Algeria,Alger,Algeri|Algiers|Algier|al-Jazair|al-Djazair|El DjazaÃ¯r|Argel|Dzayer|DjezaÃ¯r,0,,0,0,0,0,0
00005d867b16841d08f3,DZA,DZA.10_1,Algeria,Blida,El BoulaÃ¯da|Al-Boulaida,0,,0,0,0,0,0
0000d85ec622a343b2e0,TUN,TUN.16_1,Tunisia,Nabeul,Cap Bon|Nabil|NÄbol|NÄbul,0,,0,0,0,0,0
00005a18aaf54dfbc4c0,TUN,TUN.23_1,Tunisia,Tunis,Tounis|Tunis City|TÅ«nus|TÃºnez|TÃºnis|Tunisi|TÅ«nis,0,,0,0,0,0,0
000008af31f7681b08b3,TUN,TUN.1_1,Tunisia,Ariana,Al AryiÄnah|L'Ariana|Tunis Ariana|Al AryÄnah,0,,0,0,0,0,0
0000ccbeb18d65d60dde,TUN,TUN.4_1,Tunisia,Bizerte,BanzartBanzart|Bensert|Binzart|Biserta|Bizerta,0,,0,0,0,0,0
0000e1fb3aee3a85f643,TUN,TUN.13_1,Tunisia,Manubah,,0,,0,0,0,0,0
0000458454fa012d081e,TUN,TUN.2_1,Tunisia,BÃ©ja,BÄjah|BÃ©ja,0,,0,0,0,0,0
00006b8fb69094d00003,TUN,TUN.7_1,Tunisia,Jendouba,JendoÃ»bah|Jenduba|Jondouba|JundÅ«bah|Souk-El-Arba|Dschunduba,0,,0,0,0,0,0
000078cd8b8ffc710d42,DZA,DZA.39_1,Algeria,Skikda,Philippeville|Skidda,0,,0,0,0,0,0
0000d894ba64acb67cc0,DZA,DZA.5_1,Algeria,Annaba,Anaba|Bona|BÃ´ne,0,,0,0,0,0,0
0000b2c85ad8beac27af,DZA,DZA.19_1,Algeria,El Tarf,Et Tarf|El Taref,0,,0,0,0,0,0
0000d19162bca6986ba8,DZA,DZA.21_1,Algeria,Guelma,,0,,0,0,0,0,0
0000f175f373f193e08a,DZA,DZA.40_1,Algeria,Souk Ahras,Souk-Ahras|Souq Ahras,0,,0,0,0,0,0
000085154b54465b369f,DZA,DZA.34_1,Algeria,Oum el Bouaghi,Oum el Bouagui|Canrobert,0,,0,0,0,0,0
0000dc73e5470e0d33db,DZA,DZA.15_1,Algeria,Constantine,Constantina|Costatina|Qoussantina|Qacentina,0,,0,0,0,0,0
000033406c7bf6d23640,DZA,DZA.29_1,Algeria,Mila,,0,,0,0,0,0,0
00001df1331d4cea59d1,DZA,DZA.23_1,Algeria,Jijel,Djidjel| Djidjelli,0,,0,0,0,0,0
0000afa6291168a7398b,TUN,TUN.9_1,Tunisia,KassÃ©rine,Al Qaá¹£rayn|Al Gaá¹£rÄ«n|Al Qasrin|Kasserim|Al Qaá¹£rayn|Sbeitla,0,,0,0,0,0,0
000048fb9a8564a20609,TUN,TUN.18_1,Tunisia,Sidi Bou Zid,SÄ«dÄ« BÅ« Zayd|Qamudah|Sidi BoÃ» Sa`Ã®d|Sidi Buzid|Sidi BÅ« Sa`Ä«d|SÄ«dÄ« BÅ« Zayd|Sidi Bu Said,0,,0,0,0,0,0
000052368a896a7f5072,TUN,TUN.11_1,Tunisia,Le Kef,Al KÄf|El Kef|Kaf|Kef,0,,0,0,0,0,0
00009d52215827d48410,TUN,TUN.19_1,Tunisia,Siliana,SiliÄnah|SilyÄnah,0,,0,0,0,0,0
00003a1c0f3cd322bad3,TUN,TUN.8_1,Tunisia,Kairouan,Al QayrawÄn|Al QÄ«rwÄn|QairouÃ¢n|KairuÃ£|Kairouwan,0,,0,0,0,0,0
0000dda381b4116f31af,TUN,TUN.24_1,Tunisia,Zaghouan,Tunis South|Zachouan|Zaguan|ZaghwÄn|Saghuan,0,,0,0,0,0,0
0000533b7744e5d65c0e,TUN,TUN.20_1,Tunisia,Sousse,Sousa|Sussa|Susse|Susa|SÅ«sah,0,,0,0,0,0,0
0000f977e586c7bc0a45,TUN,TUN.3_1,Tunisia,Ben Arous (Tunis Sud),Bin `ArÅ«s|Ben Arous|Tunis Ben Arous,0,,0,0,0,0,0
0000ec95125f740ee3e6,TUN,TUN.12_1,Tunisia,Mahdia,Al MadÄ«yah|Al Mahdiyya|MahdiÃ¢h,0,,0,0,0,0,0
0000e898bbff0a99c744,TUN,TUN.15_1,Tunisia,Monastir,Al MunastÄ«r,0,,0,0,0,0,0
0000b82b524198aef51f,TUN,TUN.17_1,Tunisia,Sfax,SafÄqis|á¹¢afÄqis|á¹¢fÄqis,0,,0,0,0,0,0
0000381f75be62bf43a4,LBY,LBY.7_1,Libya,Al Marj,Marj|Al MarÇ§,0,,0,0,0,0,0
00001d96419fc91c9055,LBY,LBY.2_1,Libya,Al Jabal al Akhdar,Jabal al Akhdar|Jabal al-Akhá¸ar|Jebel el-Akhdar,0,,0,0,0,0,0
000011a0c02ffd8b896a,LBY,LBY.13_1,Libya,Darnah,Darana|Darna|Derna,0,,0,0,0,0,0
000028144fa79de53464,LBY,LBY.9_1,Libya,Al Wahat,Al Wahat|Al Wahad|Al Wahah|Al WÄá¸¥Ät,0,,0,0,0,0,0
00003afbd1c06be05d43,LBY,LBY.12_1,Libya,Benghazi,BanghÄzÄ«,0,,0,0,0,0,0
0000bdeb96b948f29a31,LBY,LBY.19_1,Libya,Surt,Sirte|Sirt,0,,0,0,0,0,0
0000e6436db48eb16362,LBY,LBY.5_1,Libya,Al Jufrah,Jufra|Jofra|,0,,0,0,0,0,0
0000877614ca33f22e0b,LBY,LBY.15_1,Libya,Misratah,Misrata|Miá¹£rÄtah|MÉ™á¹£rÄtah,0,,0,0,0,0,0
000009f66e61d0190757,LBY,LBY.8_1,Libya,Al Marqab,Murqub|Al Murgub| al-Morqib,0,,0,0,0,0,0
000041cab414af661d7b,LBY,LBY.3_1,Libya,Al Jabal al Gharbi,Al Ç¦abal al Gharbi,0,,0,0,0,0,0
0000eee7b89ae21c6168,LBY,LBY.20_1,Libya,Tripoli,Tripoli|Shab'iyaáº— á¹¬arÄbulus,0,,0,0,0,0,0
000095b905c14143b22c,LBY,LBY.4_1,Libya,Al Jifarah,Jafara|Al Jfara|Al Jfara|Al `Aziziyah|al-Ghifara|Al `Aziziyah,0,,0,0,0,0,0
00008aa6dd664768d200,LBY,LBY.11_1,Libya,Az Zawiyah,Az ZÄwiya|Zawiya,0,,0,0,0,0,0
0000284de301cc667747,LBY,LBY.10_1,Libya,An Nuqat al Khams,an-Niqat al-Hams|Nigat al Khums,0,,0,0,0,0,0
00002902c83ecfb4e8c1,LBY,LBY.18_1,Libya,Sabha,Sabhah|Sebha|SabhÄ,0,,0,0,0,0,0
0000fd46ff6c275add0b,LBY,LBY.16_1,Libya,Murzuq,,0,,0,0,0,0,0
0000ad24f7fcfd9bf162,LBY,LBY.21_1,Libya,Wadi al Hayat,Wadi Al Hayaa|WÄdÄ« al á¸¤ayÄh,0,,0,0,0,0,0
0000057b9c0420c9317a,SDN,SDN.10_1,Sudan,Northern,Ash ShamÄlÄ«|Ash ShamÄlÄ«yah|Nord,398240.3982,,419285.9245,419285.9245,419285.9245,419285.9245,419285.9245
000059cbea3af4c852b2,EGY,EGY.14_1,Egypt,Al Wadi al Jadid,Al Wadi/Al Jadid|El-Wadi El-Gidid|New Valley|Novo Vale|OuÄdi El GuedÄ«d|Southern Desert,0,,0,0,0,0,0
0000602aedb01676f96a,EGY,EGY.17_1,Egypt,Aswan,Assouan|AssuÃ£|AssuÃ¡n|Syene,0,,0,0,0,0,0
0000016e4e3839efab03,SDN,SDN.12_1,Sudan,River Nile,"an NÄ«l, Nahr an NÄ«l| Nil| Nile| Nile River|Nilen|Nilo",531838.6285,,490494.3069,490494.3069,490494.3069,490494.3069,490494.3069
000080ea394c2da75db6,SDN,SDN.11_1,Sudan,Red Sea,Baá¸¥r al Aá¸¥mar|Mar Rojo|Mar Rosso|Mar Vermelho|Mer Rouge|RÃ¶da havet|RÃ¸dehavet|Rotes Meer,821958.2057,,889693.5304,889693.5304,889693.5304,889693.5304,889693.5304
0000daf0b55560406d33,EGY,EGY.2_1,Egypt,Al Bahr al Ahmar,Mar Rojo|Mar Vermelho|Mer Rouge|Red Sea,0,,0,0,0,0,0
0000736da51ad6e8f174,EGY,EGY.10_1,Egypt,Al Minya,Minia|Minieh|Menia|Minya,0,,0,0,0,0,0
00005c3acf34cb8adc41,EGY,EGY.8_1,Egypt,Al Jizah,El Giza|El GÄ«zah|Gizeh|Giza|GuizÃ¨h,0,,0,0,0,0,0
00007a36cd47ea016647,EGY,EGY.18_1,Egypt,Asyut,Asyiut|Assiout|Assiut|Assyut|Asyout,0,,0,0,0,0,0
00003f3b2f6065fc153f,EGY,EGY.27_1,Egypt,Suhaj,Girga|Girgeh|SawhÄj|Sohag|Suhag,0,,0,0,0,0,0
00009f94b6cd3248c833,EGY,EGY.25_1,Egypt,Qina,Kena|Qena|Quena,0,,0,0,0,0,0
0000bed240f0d51a9f50,EGY,EGY.13_1,Egypt,Al Uqsur,Luxor,0,,0,0,0,0,0
0000d897e0926d3461dc,EGY,EGY.19_1,Egypt,Bani Suwayf,Beni Suwayf|Beni Souef|Beni Suef,0,,0,0,0,0,0
0000da0292bb4103d0d5,EGY,EGY.22_1,Egypt,Janub Sina',Janub Sina|Sina al-Janubiyah|Sina' al-JanÅ«bÄ«yah|Sinai al JanÅ«bÄ«a|South Sinai|Sud SinaÄ«,0,,0,0,0,0,0
00004cd919185208d2d9,EGY,EGY.26_1,Egypt,Shamal Sina',Shamal Sina|Nord SinaÃ¯|North Sinai|Sina ash-ShamÄlÄ«yah|Sinai ash ShamÄlÄ«ya,0,,0,0,0,0,0
0000291acba6eb93d87f,EGY,EGY.15_1,Egypt,As Suways,El Suweiz|Es Suweis|Suez,0,,0,0,0,0,0
0000c2a5b14a32848ce0,EGY,EGY.11_1,Egypt,Al Qahirah,Cairo|El Cairo|El Qahira|Le Caire,0,,0,0,0,0,0
000082efa8c0a9d5b916,EGY,EGY.7_1,Egypt,Al Isma`iliyah,As Ismailiyah|Ismailia|IsmaÃ¯lia|Isma'iliya,0,,0,0,0,0,0
0000dfb0c9d9153d89b0,EGY,EGY.16_1,Egypt,Ash Sharqiyah,Charkieh|Sharqia|SharqÄ«ya|Sharquia|Sharkia,0,,0,0,0,0,0
0000379abf4b5cda2f04,EGY,EGY.12_1,Egypt,Al Qalyubiyah,Caliubia|Kalioubieh|Kalioubiya|Qaliyubia|Qalyubiya|Kalyoubia|Kalyubia,0,,0,0,0,0,0
00009a5601ae0a02f01b,EGY,EGY.9_1,Egypt,Al Minufiyah,Menoufieh|Menufia|MenÅ«fÄ«ya|MinÅ«fÄ«ya|Munufia|Menoufia|Minufia,0,,0,0,0,0,0
00000df60cc8c2e69d50,EGY,EGY.3_1,Egypt,Al Buhayrah,Beheira|Behera|El Buhayra|BÃ©hÃ©ra,0,,0,0,0,0,0
00003b192963e9e0654f,EGY,EGY.4_1,Egypt,Al Fayyum,El Faiyum|el Fayoum|Faium|FaiyÅ«m|Fayum|Fayoum|Fayyum,0,,0,0,0,0,0
0000b56e6ffe6786c6eb,EGY,EGY.24_1,Egypt,Matrouh,MarsÄ MatrÅ«h|Mersa Matruh|Western Desert|Matrouh,0,,0,0,0,0,0
00008001ac5c81c258fc,EGY,EGY.6_1,Egypt,Al Iskandariyah,Alexandria|Alexandrie|El Iskandariya,0,,0,0,0,0,0
000063715c2dfbc7e237,LBY,LBY.1_1,Libya,Al Butnan,Tobruk|Tubruq|Butnan,0,,0,0,0,0,0
000070396929a610e747,EGY,EGY.5_1,Egypt,Al Gharbiyah,al-GarbÄ«yah|El Gharbiya|Garbia|Gharbieh|GharbÄ«ya|Gharbia,0,,0,0,0,0,0
0000fd4ce439fe62c1ea,EGY,EGY.23_1,Egypt,Kafr ash Shaykh,Kafr-El-Sheikh|Kafr ash Shaikh|Kafr ash-Shayk|Kafr el Sheik|Kafr el Sheikh,0,,0,0,0,0,0
0000e95159561751cd31,EGY,EGY.1_1,Egypt,Ad Daqahliyah,Al Daqahliyah|Dacahlia|Dagahlia|Dakahlieh|Dakahliya|Dakalieh|DaqalÄ«ya|Dakahlia|Dekahlia,0,,0,0,0,0,0
00009b4ffa61f5b96516,EGY,EGY.21_1,Egypt,Dumyat,Damietta|Damiette|DumiÄt,0,,0,0,0,0,0
0000efbef851a12a3e55,EGY,EGY.20_1,Egypt,Bur Sa`id,Bur Said|Canal|Port Said|Port-SaÃ¯d,0,,0,0,0,0,0
0000ae87123dd27079fb,ERI,ERI.3_1,Eritrea,Debubawi Keyih Bahri,Southern Red Sea|Debubawi Keyh Bahri|Debub-Keih-Bahri|al-Bahru al-Ahmaru al-Janubi,29098.74342,,28424.74935,28424.74935,28424.74935,28424.74935,28424.74935
0000e79b9f8dc899fcbc,ERI,ERI.2_1,Eritrea,Debub,Southern|al-Janubiyah,1193500.987,,1258904.723,1258904.723,1258904.723,1258904.723,1258904.723
00009f1cae33709c41a1,ETH,ETH.11_1,Ethiopia,Tigray,TegrÃ©|Tigrai|Tigre,3547489.177,,3912022.851,3912022.851,3912022.851,3912022.851,3912022.851
0000ff47f983bc2eaa6c,ETH,ETH.2_1,Ethiopia,Afar,,1236891.033,,1391080.458,1391080.458,1391080.458,1391080.458,1391080.458
0000818b3229b89b43c3,DJI,DJI.5_1,Djibouti,Tadjourah,Tadjoura,0,,0,0,0,0,0
000066648d934d7f71cb,DJI,DJI.4_1,Djibouti,Obock,,0,,0,0,0,0,0
00005c63b32e9de4cd40,YEM,YEM.1_1,Yemen,`Adan,Aden,0,,0,0,0,0,0
0000295fcf6cc847441c,DJI,DJI.3_1,Djibouti,Djibouti,,0,,0,0,0,0,0
000080cd0e9ec710999d,DJI,DJI.1_1,Djibouti,Ali Sabieh,`Ali SabÃ®h,0,,0,0,0,0,0
00008a651976f0ae9449,DJI,DJI.2_1,Djibouti,Dikhil,Dikkil,0,,0,0,0,0,0
000077e4edf133908ae4,SOM,SOM.1_1,Somalia,Awdal,Adal | Adel,256545.4139,,293407.6607,293407.6607,293407.6607,293407.6607,293407.6607
0000b9c0a04df12e9a5e,ETH,ETH.9_1,Ethiopia,Somali,Sumale,3866713.982,,4375215.782,4375215.782,4375215.782,4375215.782,4375215.782
0000f81a8204cd1d48c4,SOM,SOM.18_1,Somalia,Woqooyi Galbeed,North-West| W.Galbeed| Woqooyi Gelbeed,99361.99619,,111256.9851,111256.9851,111256.9851,111256.9851,111256.9851
00003ddf78c5ec81b406,SOM,SOM.17_1,Somalia,Togdheer,Tog-Dheer| Togdheer| Togder,162542.1875,,166608.4615,166608.4615,166608.4615,166608.4615,166608.4615
0000da7b6a15b51d1436,ETH,ETH.8_1,Ethiopia,Oromia,Oromiya,1.63E+07,,1.89E+07,1.89E+07,1.89E+07,1.89E+07,1.89E+07
00008196d831a3f551f8,ETH,ETH.5_1,Ethiopia,Dire Dawa,,8639.493182,,9650.04531,9650.04531,9650.04531,9650.04531,9650.04531
00000bbd4719918b9bc1,ETH,ETH.7_1,Ethiopia,Harari People,Hareri,111646.706,,55848.73849,55848.73849,55848.73849,55848.73849,55848.73849
000002735c556a4a04f4,ETH,ETH.3_1,Ethiopia,Amhara,Amara,1.24E+07,,1.46E+07,1.46E+07,1.46E+07,1.46E+07,1.46E+07
0000c99cbfa4aac967f1,ETH,ETH.10_1,Ethiopia,"Southern Nations, Nationalities and Peoples",SNNPR,1.05E+07,,1.21E+07,1.21E+07,1.21E+07,1.21E+07,1.21E+07
000064ff29c9f2b143bb,ETH,ETH.1_1,Ethiopia,Addis Abeba,Ä€ddÄ«s Ä€baba|Addis Ababa|Adis-Abeba|Ä€dÄ«s Ä€beba,0,,0,0,0,0,0
00007f05a0c8c1b446ff,ETH,ETH.4_1,Ethiopia,Benshangul-Gumaz,Beneshangul Gumu,494560.9927,,591662.9821,591662.9821,591662.9821,591662.9821,591662.9821
0000ae767a0f45156b05,SDN,SDN.3_1,Sudan,Blue Nile,An NÄ«l al Azraq|Nil Bleu|Nilo Azul,498702.1914,,503743.1963,503743.1963,503743.1963,503743.1963,503743.1963
0000fa5bacc49050b26f,SDN,SDN.13_1,Sudan,Sennar,Sinnar,969678.2756,,859856.1438,859856.1438,859856.1438,859856.1438,859856.1438
0000ab836fe10d80c524,SDN,SDN.2_1,Sudan,Al Qadarif,Gedarif|Gadarif|Gedaref|Gederaf,832090.1916,,894962.1241,894962.1241,894962.1241,894962.1241,894962.1241
0000735e03ccdeff43dc,SDN,SDN.6_1,Sudan,Kassala,Cassala|Kessala,1109041.228,,1207111.638,1207111.638,1207111.638,1207111.638,1207111.638
00004e31f6720c4ca5fc,ERI,ERI.4_1,Eritrea,Gash Barka,Gash-Barka|al-Qash wa-Barka|Debubawi Gash Barka,1048085.257,,1096795.692,1096795.692,1096795.692,1096795.692,1096795.692
0000cecdd387b0c4423c,ERI,ERI.5_1,Eritrea,Maekel,Central|al-Markaziyah|Maakel|Maekelay|Ma'kil|Makelay,891442.8705,,942789.4822,942789.4822,942789.4822,942789.4822,942789.4822
000016e7bed6e7290df2,ERI,ERI.1_1,Eritrea,Anseba,Ansaba|A'Nseba,648595.9105,,592768.5176,592768.5176,592768.5176,592768.5176,592768.5176
00007aaaa891b2855980,ERI,ERI.6_1,Eritrea,Semenawi Keyih Bahri,Northern Red Sea|al-Bahru al-Ahmaru ash-Shimali|Semenawi Keyh Bahri|Semien-Keih-Bahri,558202.3855,,583357.066,583357.066,583357.066,583357.066,583357.066
0000bf6ded5fa2c555b2,SDN,SDN.7_1,Sudan,Khartoum,Al KharÅ£Å«m| Al KhurÅ£Å«m| Cartum|Jartum| Khartum,441657.7795,,220291.8358,220291.8358,220291.8358,220291.8358,220291.8358
0000f84f4a1b81e97b06,SDN,SDN.1_1,Sudan,Al Jazirah,Gezira,1513902.769,,1147830.235,1147830.235,1147830.235,1147830.235,1147830.235
0000977481f539399c43,SDN,SDN.18_1,Sudan,White Nile,An Baá¸¥r al Abyad|An NÄ«l al-Abyad|Nil Blanc|Nilo Branco,867609.557,,887100.578,887100.578,887100.578,887100.578,887100.578
0000c65d8bdb4c8cdd57,SDN,SDN.9_1,Sudan,North Kurdufan,KurdufÄn ash ShamÄlÄ«yah|ShamÄl KurdufÄn|North Kordofan|Kordofan septentrional,1020220.539,,1132997.406,1132997.406,1132997.406,1132997.406,1132997.406
0000909cbb0668c1a69f,SDN,SDN.8_1,Sudan,North Darfur,DÄrfÅ«r ash ShamÄlÄ«yah| ShamÄl DÄrfÅ«r| Darfur septentrional,2115131.867,,2398917.953,2398917.953,2398917.953,2398917.953,2398917.953
0000660a84f04ff6ab2e,SDN,SDN.17_1,Sudan,West Kurdufan,Gharb KurdufÄn| Gharb Kurdufun| KurdufÄn al GharbÄ«yah| Western Kordofan,1005469.814,,1105520.942,1105520.942,1105520.942,1105520.942,1105520.942
0000cc9aed68e90d14f7,SDN,SDN.5_1,Sudan,East Darfur,,1341016.108,,1489190.741,1489190.741,1489190.741,1489190.741,1489190.741
0000e0a9cfc000769b32,SDN,SDN.14_1,Sudan,South Darfur,DÄrfÅ«r al JanÅ«bÄ«yah| JanÅ«b DÄrfÅ«r| Darfur mÃ©ridional| Southern Darfur,2633803.927,,2915125.654,2915125.654,2915125.654,2915125.654,2915125.654
000058c49a8442a7e059,SSD,SSD.9_1,South Sudan,West Bahr-al-Ghazal,Bahr al-GhazÄl al GharbÄ«yah|Gharb Bahr al-GhazÄl |Bahr el-Ghazal occidental| Western Bahr el Ghazal,131413.9119,,107320.7191,107320.7191,107320.7191,107320.7191,107320.7191
0000f3258289338b85c1,SSD,SSD.5_1,South Sudan,North Bahr-al-Ghazal,North Bahr-al-Gazal| North Bahr el Ghazal| Shamal Bahr al Ghazal,527572.0861,,516895.9948,516895.9948,516895.9948,516895.9948,516895.9948
00008c3031ef99a17707,SSD,SSD.6_1,South Sudan,Unity,Al-Wahdah| Wahda,652375.0881,,657342.7993,657342.7993,657342.7993,657342.7993,657342.7993
0000b7270d8a658d76f9,SDN,SDN.15_1,Sudan,South Kurdufan,Southern Kordofan|South Kordufan|JanÅ«b KurdufÄn|Janub Kurdufun|KurdufÄn al JanÅ«bÄ«yah|Kordofan mÃ©ridional,546930.3152,,529913.8775,529913.8775,529913.8775,529913.8775,529913.8775
000061b77b7d1b67df83,SSD,SSD.3_1,South Sudan,Jungoli,Jonglei| Jonglie| Jonqley| Junglei| JunqalÄ«| Jongley,1464819.248,,1352923.472,1352923.472,1352923.472,1352923.472,1352923.472
0000d282d12eb42c340d,SSD,SSD.7_1,South Sudan,Upper Nile,Upper Nile|Sobat|a`Ä€lÄ« an NÄ«l|Nil supÃ©rieur,996971.0281,,949570.8473,949570.8473,949570.8473,949570.8473,949570.8473
0000a0aa897afbe9479a,ETH,ETH.6_1,Ethiopia,Gambela Peoples,Gambela,237400.0976,,251120.8174,251120.8174,251120.8174,251120.8174,251120.8174
0000259b25670027a887,SSD,SSD.2_1,South Sudan,Eastern Equatoria,Al IstiwÄ'Ä«yah ash SharqÄ«yah| Sharq al IstiwÄ'Ä«yah| Ã‰quatoria oriental,2435827.379,,2423632.273,2423632.273,2423632.273,2423632.273,2423632.273
0000d5c43dd5710bc254,KEN,KEN.43_1,Kenya,Turkana,,32730.50785,,31967.16728,31967.16728,31967.16728,31967.16728,31967.16728
0000aa19b6883ff761d3,UGA,UGA.28_1,Uganda,Kotido,,36859.29084,,38586.84535,38586.84535,38586.84535,38586.84535,38586.84535
0000d66cba74b48b8fa8,SSD,SSD.1_1,South Sudan,Central Equatoria,Bahr el Gabel| Bahr-al-Jabal,741391.3928,,824880.5087,824880.5087,824880.5087,824880.5087,824880.5087
00003a858435c097ed22,SSD,SSD.4_1,South Sudan,Lakes,,654364.5387,,728261.5293,728261.5293,728261.5293,728261.5293,728261.5293
00003194b65cfd22eb1e,SSD,SSD.10_1,South Sudan,West Equatoria,Al IstiwÄ'Ä«yah al GharbÄ«yah|Gharb al IstiwÄ'Ä«yah| Ã‰quatoria occidental,634064.7823,,684094.5564,684094.5564,684094.5564,684094.5564,684094.5564
00001fa50e58b0fb9a4a,COD,COD.5_1,Democratic Republic of the Congo,Haut-UÃ©lÃ©,,376641.4784,,410076.8461,410076.8461,410076.8461,410076.8461,410076.8461
0000e10ea8096e028189,SSD,SSD.8_1,South Sudan,Warap,Warab|Warrab,811524.6642,,793784.8689,793784.8689,793784.8689,793784.8689,793784.8689
0000cd1cf1a2cd935114,CAF,CAF.4_1,Central African Republic,Haut-Mbomou,Haut-M'bomou|Obo-Zemio,45090.38265,,42197.42095,42197.42095,42197.42095,42197.42095,42197.42095
00008daca10b1b847f04,COD,COD.6_1,Democratic Republic of the Congo,Ituri,,790854.5294,,789835.182,789835.182,789835.182,789835.182,789835.182
0000a488386fdb660354,COD,COD.19_1,Democratic Republic of the Congo,Nord-Kivu,,2383035.893,,1706648.756,1706648.756,1706648.756,1706648.756,1706648.756
0000fb40d87511af6ceb,UGA,UGA.5_1,Uganda,Bundibugyo,,64434.03359,,68795.4219,68795.4219,68795.4219,68795.4219,68795.4219
0000ace61fdebbf7e6c1,UGA,UGA.13_1,Uganda,Kabarole,,26768.38497,,19689.05066,19689.05066,19689.05066,19689.05066,19689.05066
00001a00ddbc42d2c157,UGA,UGA.21_1,Uganda,Kasese,,32907.87311,,31524.06215,31524.06215,31524.06215,31524.06215,31524.06215
0000eb8589fc7864f6f4,UGA,UGA.18_1,Uganda,Kamwenge,,36023.16534,,40435.96643,40435.96643,40435.96643,40435.96643,40435.96643
00004c268e75c1eec3c0,UGA,UGA.39_1,Uganda,Mbarara,,127443.6747,,111334.4309,111334.4309,111334.4309,111334.4309,111334.4309
00007099f2f7724a5832,UGA,UGA.30_1,Uganda,Kyenjojo,,34286.84703,,33366.51586,33366.51586,33366.51586,33366.51586,33366.51586
0000be76e9363db40300,UGA,UGA.53_1,Uganda,Sembabule,,15489.21811,,15338.92245,15338.92245,15338.92245,15338.92245,15338.92245
00008abef4ad8a310df7,UGA,UGA.43_1,Uganda,Mubende,,69972.96092,,58216.70735,58216.70735,58216.70735,58216.70735,58216.70735
000092a87d4063a9fb4a,UGA,UGA.35_1,Uganda,Masaka,,79050.30685,,56523.18246,56523.18246,56523.18246,56523.18246,56523.18246
0000786e6549db9ba87f,UGA,UGA.42_1,Uganda,Mpigi,,59940.69412,,43640.57493,43640.57493,43640.57493,43640.57493,43640.57493
0000a75ac2f51446647f,UGA,UGA.24_1,Uganda,Kibale,Kibaale,72430.33953,,75813.4103,75813.4103,75813.4103,75813.4103,75813.4103
0000c2f829be0f913e59,UGA,UGA.25_1,Uganda,Kiboga,,28810.86693,,20699.06808,20699.06808,20699.06808,20699.06808,20699.06808
0000423cbdf24388a46a,UGA,UGA.31_1,Uganda,Lake Albert,,254.6632031,,313.6167672,313.6167672,313.6167672,313.6167672,313.6167672
0000290eac099342fb8a,UGA,UGA.9_1,Uganda,Hoima,,29944.0536,,31283.86146,31283.86146,31283.86146,31283.86146,31283.86146
0000746ee8a0d475e55b,UGA,UGA.36_1,Uganda,Masindi,,34957.56247,,31646.79888,31646.79888,31646.79888,31646.79888,31646.79888
0000e1a1d0ee891201fa,UGA,UGA.3_1,Uganda,Arua,,276315.5098,,253796.2851,253796.2851,253796.2851,253796.2851,253796.2851
000074b5eb36f8aad5b2,UGA,UGA.58_1,Uganda,Yumbe,,59237.0924,,44762.8969,44762.8969,44762.8969,44762.8969,44762.8969
0000aecc4df63893d820,UGA,UGA.41_1,Uganda,Moyo,,53447.33605,,50022.70063,50022.70063,50022.70063,50022.70063,50022.70063
0000a4e1377e71e30a8d,UGA,UGA.1_1,Uganda,Adjumani,,42309.21769,,17691.71752,17691.71752,17691.71752,17691.71752,17691.71752
000064d014a1fd2425c8,UGA,UGA.8_1,Uganda,Gulu,,75165.47554,,46491.9,46491.9,46491.9,46491.9,46491.9
00008dcd94e4f0fd2f14,UGA,UGA.47_1,Uganda,Nebbi,,85005.47966,,90370.14798,90370.14798,90370.14798,90370.14798,90370.14798
0000edef51b4563e00b8,UGA,UGA.2_1,Uganda,Apac,,64324.39193,,62031.04987,62031.04987,62031.04987,62031.04987,62031.04987
0000b6bd3f70328543e9,UGA,UGA.33_1,Uganda,Lira,,70954.59076,,62819.80363,62819.80363,62819.80363,62819.80363,62819.80363
0000b4e1681723efdfab,UGA,UGA.49_1,Uganda,Pader,,44044.52678,,45141.40082,45141.40082,45141.40082,45141.40082,45141.40082
00007c611363482dd828,UGA,UGA.27_1,Uganda,Kitgum,,45828.72567,,36703.28856,36703.28856,36703.28856,36703.28856,36703.28856
00000ae08373e164040a,UGA,UGA.40_1,Uganda,Moroto,,24562.39271,,19267.21997,19267.21997,19267.21997,19267.21997,19267.21997
0000c680b17e2ba4e072,UGA,UGA.22_1,Uganda,Katakwi,,21301.53069,,18601.67104,18601.67104,18601.67104,18601.67104,18601.67104
0000708f65cbbc2a55e9,UGA,UGA.45_1,Uganda,Nakapiripirit,,10768.91917,,9046.415474,9046.415474,9046.415474,9046.415474,9046.415474
000005cfe8b0ebc7fe61,UGA,UGA.29_1,Uganda,Kumi,,92622.77841,,98872.15162,98872.15162,98872.15162,98872.15162,98872.15162
000087e8f9334e9b78ea,UGA,UGA.55_1,Uganda,Soroti,,38794.3991,,31804.09796,31804.09796,31804.09796,31804.09796,31804.09796
0000f9b94319dc11560a,UGA,UGA.54_1,Uganda,Sironko,,78511.95082,,101663.1042,101663.1042,101663.1042,101663.1042,101663.1042
00007ba75d9c81d5d7d5,UGA,UGA.20_1,Uganda,Kapchorwa,,33122.21549,,32606.26654,32606.26654,32606.26654,32606.26654,32606.26654
0000322c657a2f8b3a8a,UGA,UGA.38_1,Uganda,Mbale,,192181.1935,,232334.7868,232334.7868,232334.7868,232334.7868,232334.7868
00005ca1fecc03816e7d,KEN,KEN.3_1,Kenya,Bungoma,,600684.1244,,529695.0528,529695.0528,529695.0528,529695.0528,529695.0528
0000caf7eddbe8c46305,UGA,UGA.50_1,Uganda,Pallisa,,88569.34951,,94829.65711,94829.65711,94829.65711,94829.65711,94829.65711
00007b6cc5eccd024f14,UGA,UGA.56_1,Uganda,Tororo,,84748.89681,,90453.13301,90453.13301,90453.13301,90453.13301,90453.13301
0000b205f78f1cbe924a,UGA,UGA.17_1,Uganda,Kamuli,,162789.4783,,157724.5364,157724.5364,157724.5364,157724.5364,157724.5364
0000ae469015c3b4f914,UGA,UGA.10_1,Uganda,Iganga,,150936.5227,,129901.1116,129901.1116,129901.1116,129901.1116,129901.1116
00006eaa8c01cf41b1d2,UGA,UGA.14_1,Uganda,Kaberamaido,,8272.857608,,8400.142587,8400.142587,8400.142587,8400.142587,8400.142587
0000d4f70969a6a64374,UGA,UGA.46_1,Uganda,Nakasongola,,12864.34427,,9242.672783,9242.672783,9242.672783,9242.672783,9242.672783
0000275d7ae95af61a2d,UGA,UGA.34_1,Uganda,Luwero,Luweero,88598.35087,,53152.48801,53152.48801,53152.48801,53152.48801,53152.48801
0000ae294fe3e0ed1a08,UGA,UGA.23_1,Uganda,Kayunga,,43645.4158,,31067.11876,31067.11876,31067.11876,31067.11876,31067.11876
0000cfc546a9107761d8,UGA,UGA.44_1,Uganda,Mukono,,91540.99969,,64087.77147,64087.77147,64087.77147,64087.77147,64087.77147
000030d3aa67c9e7057b,UGA,UGA.11_1,Uganda,Jinja,,82110.84037,,73458.62001,73458.62001,73458.62001,73458.62001,73458.62001
0000c1b8a547d2d954c5,UGA,UGA.57_1,Uganda,Wakiso,,39414.04633,,15645.7098,15645.7098,15645.7098,15645.7098,15645.7098
0000104a770d19ed9752,UGA,UGA.32_1,Uganda,Lake Victoria,,255.4021781,,273.2083475,273.2083475,273.2083475,273.2083475,273.2083475
0000851abfe96881c1a3,UGA,UGA.16_1,Uganda,Kampala,,0,,0,0,0,0,0
0000e4eced8bb7d320f7,UGA,UGA.37_1,Uganda,Mayuge,,184149.9521,,195494.7764,195494.7764,195494.7764,195494.7764,195494.7764
000056612b1982e315e1,UGA,UGA.4_1,Uganda,Bugiri,,170796.1229,,173744.9762,173744.9762,173744.9762,173744.9762,173744.9762
0000c1743d7e49c096cb,UGA,UGA.7_1,Uganda,Busia,,35389.54363,,34896.51017,34896.51017,34896.51017,34896.51017,34896.51017
000088bbc9548320dd98,KEN,KEN.4_1,Kenya,Busia,,320784.8866,,293074.1577,293074.1577,293074.1577,293074.1577,293074.1577
0000e49c1a9007588a99,KEN,KEN.11_1,Kenya,Kakamega,,465381.6173,,305698.1589,305698.1589,305698.1589,305698.1589,305698.1589
0000dab3411082e8fc7f,KEN,KEN.38_1,Kenya,Siaya,,152224.2769,,109004.0419,109004.0419,109004.0419,109004.0419,109004.0419
0000d41f070d65bf04c4,KEN,KEN.45_1,Kenya,Vihiga,,262218.5762,,35748.51381,35748.51381,35748.51381,35748.51381,35748.51381
0000069897fd7733ac54,KEN,KEN.17_1,Kenya,Kisumu,,109613.8702,,56424.50207,56424.50207,56424.50207,56424.50207,56424.50207
000003864b18350fc665,KEN,KEN.32_1,Kenya,Nandi,,324957.4503,,282163.9534,282163.9534,282163.9534,282163.9534,282163.9534
00005e6e02556128b31d,KEN,KEN.44_1,Kenya,Uasin Gishu,,69706.63201,,58256.7449,58256.7449,58256.7449,58256.7449,58256.7449
00007c7d7735137706dc,KEN,KEN.5_1,Kenya,Elgeyo-Marakwet,,60674.88756,,61841.58717,61841.58717,61841.58717,61841.58717,61841.58717
000024a4e2e3b86a7160,KEN,KEN.12_1,Kenya,Kericho,,324082.6322,,208631.3423,208631.3423,208631.3423,208631.3423,208631.3423
0000ac6802a502e7aec7,KEN,KEN.1_1,Kenya,Baringo,,46558.51541,,37907.34878,37907.34878,37907.34878,37907.34878,37907.34878
0000d6b1e78c82b0225d,KEN,KEN.47_1,Kenya,West Pokot,,24978.22529,,22789.58565,22789.58565,22789.58565,22789.58565,22789.58565
00007f2a767556417d3c,KEN,KEN.42_1,Kenya,Trans Nzoia,,121334.004,,84528.90736,84528.90736,84528.90736,84528.90736,84528.90736
0000c2caecc64371b3bf,KEN,KEN.37_1,Kenya,Samburu,,6600.589715,,1987.284223,1987.284223,1987.284223,1987.284223,1987.284223
0000d6e27b968247bf95,KEN,KEN.25_1,Kenya,Marsabit,,37491.40502,,20252.0891,20252.0891,20252.0891,20252.0891,20252.0891
0000ca10233827ea1275,KEN,KEN.9_1,Kenya,Isiolo,,6009.177941,,5983.70075,5983.70075,5983.70075,5983.70075,5983.70075
0000c68c12cbefc05e06,KEN,KEN.20_1,Kenya,Laikipia,,6928.492094,,4167.236219,4167.236219,4167.236219,4167.236219,4167.236219
00007157aff87c4cf8fb,KEN,KEN.31_1,Kenya,Nakuru,,116429.143,,57606.58625,57606.58625,57606.58625,57606.58625,57606.58625
00009ccbb608b6d6dbd8,KEN,KEN.35_1,Kenya,Nyandarua,,46327.72432,,21138.8619,21138.8619,21138.8619,21138.8619,21138.8619
000099f3ade2b937a345,KEN,KEN.26_1,Kenya,Meru,,718277.8555,,464980.4612,464980.4612,464980.4612,464980.4612,464980.4612
000047205a9950df1e1b,KEN,KEN.36_1,Kenya,Nyeri,,199660.2875,,46811.97824,46811.97824,46811.97824,46811.97824,46811.97824
00009b64a8653a8b302e,KEN,KEN.41_1,Kenya,Tharaka-Nithi,,157887.5342,,108064.595,108064.595,108064.595,108064.595,108064.595
00007ca72364c7f9f7ce,KEN,KEN.7_1,Kenya,Garissa,,95727.5376,,43511.03194,43511.03194,43511.03194,43511.03194,43511.03194
00001f63df3bf8c78a63,KEN,KEN.46_1,Kenya,Wajir,,210071.4327,,151872.0127,151872.0127,151872.0127,151872.0127,151872.0127
000051373c7d310c2ffa,KEN,KEN.24_1,Kenya,Mandera,,412476.8923,,328195.603,328195.603,328195.603,328195.603,328195.603
00000b37a78d352e759e,SOM,SOM.7_1,Somalia,Gedo,Gado,386465.3472,,436507.8256,436507.8256,436507.8256,436507.8256,436507.8256
00000b0ccf2444d74c7b,SOM,SOM.8_1,Somalia,Hiiraan,Hiiran,355220.0373,,385572.866,385572.866,385572.866,385572.866,385572.866
000094460e2b9c5cb036,SOM,SOM.2_1,Somalia,Bakool,,366532.3333,,403324.948,403324.948,403324.948,403324.948,403324.948
0000a4337668b514b42f,SOM,SOM.5_1,Somalia,Bay,Baay,504800.048,,533309.0317,533309.0317,533309.0317,533309.0317,533309.0317
00009ef143ddcfb8d0c6,SOM,SOM.15_1,Somalia,Shabeellaha Hoose,Sh. Hoose| Lower Shabele,599601.5802,,639167.7918,639167.7918,639167.7918,639167.7918,639167.7918
0000026a76dd0a60e369,SOM,SOM.9_1,Somalia,Jubbada Dhexe,J. Dhexe| Central Juba| Middle Juba,205072.8449,,235494.1606,235494.1606,235494.1606,235494.1606,235494.1606
0000ec7b00fb4ba29515,SOM,SOM.10_1,Somalia,Jubbada Hoose,J. Hoose| Lower Juba,293465.5127,,308884.1719,308884.1719,308884.1719,308884.1719,308884.1719
0000033ab85a10b5c2db,KEN,KEN.21_1,Kenya,Lamu,,6839.747331,,2011.113832,2011.113832,2011.113832,2011.113832,2011.113832
0000d97864e30d5db3a5,KEN,KEN.14_1,Kenya,Kilifi,,90893.59328,,45862.73766,45862.73766,45862.73766,45862.73766,45862.73766
0000e634f509e1b5cbe8,KEN,KEN.40_1,Kenya,Tana River,,7347.259872,,4041.057046,4041.057046,4041.057046,4041.057046,4041.057046
0000859bcced57acede7,KEN,KEN.18_1,Kenya,Kitui,,36496.65925,,24021.68522,24021.68522,24021.68522,24021.68522,24021.68522
0000c03e0e61a2078d6c,KEN,KEN.22_1,Kenya,Machakos,,175850.3593,,29690.8686,29690.8686,29690.8686,29690.8686,29690.8686
0000fa8d93e6b3cdc22e,KEN,KEN.23_1,Kenya,Makueni,,57646.53682,,47238.76737,47238.76737,47238.76737,47238.76737,47238.76737
0000f3668bd6d1a49231,KEN,KEN.13_1,Kenya,Kiambu,,99304.27129,,15347.37176,15347.37176,15347.37176,15347.37176,15347.37176
0000c72e3ec9bf5cef6e,KEN,KEN.29_1,Kenya,Murang'a,,336897.7111,,100167.934,100167.934,100167.934,100167.934,100167.934
00006aa279ec2fa0daf0,KEN,KEN.6_1,Kenya,Embu,,219918.8075,,111216.5948,111216.5948,111216.5948,111216.5948,111216.5948
00000143e28301ff11d3,KEN,KEN.15_1,Kenya,Kirinyaga,,159562.9301,,51213.77316,51213.77316,51213.77316,51213.77316,51213.77316
000053d59bbbe785233a,KEN,KEN.33_1,Kenya,Narok,,155537.0465,,160622.3453,160622.3453,160622.3453,160622.3453,160622.3453
0000f2eebe1864edf697,KEN,KEN.2_1,Kenya,Bomet,,577803.9989,,567122.3976,567122.3976,567122.3976,567122.3976,567122.3976
0000ad6ff40152e9242f,KEN,KEN.8_1,Kenya,Homa Bay,,251990.8855,,183748.9187,183748.9187,183748.9187,183748.9187,183748.9187
0000bb3a9a5d0ed74484,KEN,KEN.34_1,Kenya,Nyamira,,329974.8049,,60713.35988,60713.35988,60713.35988,60713.35988,60713.35988
00004c75830331a27272,KEN,KEN.16_1,Kenya,Kisii,,565711.5763,,126844.2048,126844.2048,126844.2048,126844.2048,126844.2048
00009f9c316f11b91061,KEN,KEN.27_1,Kenya,Migori,,444575.27,,374278.5163,374278.5163,374278.5163,374278.5163,374278.5163
000004528ef99d50ec8e,TZA,TZA.12_1,Tanzania,Mara,,131896.2637,,118854.2171,118854.2171,118854.2171,118854.2171,118854.2171
00004c7368ea369da415,TZA,TZA.1_1,Tanzania,Arusha,,98104.46513,,62195.17668,62195.17668,62195.17668,62195.17668,62195.17668
000070e599ef8af99deb,KEN,KEN.10_1,Kenya,Kajiado,,13460.80683,,10369.71997,10369.71997,10369.71997,10369.71997,10369.71997
00007045bfaa595f36bf,KEN,KEN.30_1,Kenya,Nairobi,,0,,0,0,0,0,0
00000c5a5313658e8c1e,TZA,TZA.9_1,Tanzania,Kilimanjaro,,312198.786,,232761.6246,232761.6246,232761.6246,232761.6246,232761.6246
0000b5d7397dc022cbef,TZA,TZA.24_1,Tanzania,Simiyu,,65259.77203,,48117.02537,48117.02537,48117.02537,48117.02537,48117.02537
0000defaab9c284823e2,TZA,TZA.11_1,Tanzania,Manyara,,55034.13713,,60724.30603,60724.30603,60724.30603,60724.30603,60724.30603
00000db743ed39bd2140,TZA,TZA.25_1,Tanzania,Singida,,20824.55004,,15393.26438,15393.26438,15393.26438,15393.26438,15393.26438
0000424b2be638a59403,KEN,KEN.39_1,Kenya,Taita Taveta,,32938.72235,,16960.33081,16960.33081,16960.33081,16960.33081,16960.33081
00000b14b07ed1c421e1,KEN,KEN.19_1,Kenya,Kwale,,22161.12331,,10091.78347,10091.78347,10091.78347,10091.78347,10091.78347
000054647953dae2a15e,KEN,KEN.28_1,Kenya,Mombasa,,0,,0,0,0,0,0
0000786f3ef498d9145d,TZA,TZA.27_1,Tanzania,Tanga,,311297.614,,298101.5726,298101.5726,298101.5726,298101.5726,298101.5726
00007a0f5c6c3d4e4743,TZA,TZA.18_1,Tanzania,Pemba North,Kaskazini Pemba,93681.40055,,70165.78734,70165.78734,70165.78734,70165.78734,70165.78734
0000a27f2eca7166cb20,TZA,TZA.19_1,Tanzania,Pemba South,Kusini Pemba,69781.07209,,56482.47919,56482.47919,56482.47919,56482.47919,56482.47919
000066815f2cdc35a33b,TZA,TZA.29_1,Tanzania,Zanzibar South and Central,Kusini Unguja,8364.660513,,4565.207848,4565.207848,4565.207848,4565.207848,4565.207848
0000914d9ac55fe26b97,TZA,TZA.28_1,Tanzania,Zanzibar North,Kaskazini Unguja,52922.4289,,20150.75292,20150.75292,20150.75292,20150.75292,20150.75292
0000038658159b9665bc,TZA,TZA.30_1,Tanzania,Zanzibar West,Mjini Magharibi,3169.681204,,0,0,0,0,0
00001d70eac954676b6f,TZA,TZA.20_1,Tanzania,Pwani,,51209.34052,,13929.39879,13929.39879,13929.39879,13929.39879,13929.39879
0000c2e8eef13d9b5229,TZA,TZA.14_1,Tanzania,Morogoro,,100377.4831,,53752.32596,53752.32596,53752.32596,53752.32596,53752.32596
0000b7d7e18038593453,TZA,TZA.3_1,Tanzania,Dodoma,,62940.19499,,41363.78787,41363.78787,41363.78787,41363.78787,41363.78787
0000947458e15f4d04b4,TZA,TZA.5_1,Tanzania,Iringa,,19673.42183,,9359.9562,9359.9562,9359.9562,9359.9562,9359.9562
0000435fd54496d6c2d1,TZA,TZA.13_1,Tanzania,Mbeya,,223218.4699,,159634.3321,159634.3321,159634.3321,159634.3321,159634.3321
000009fbb73eecc112a6,TZA,TZA.17_1,Tanzania,Njombe,,35086.03017,,30471.40289,30471.40289,30471.40289,30471.40289,30471.40289
0000675a65ae7d472552,TZA,TZA.10_1,Tanzania,Lindi,,99976.25698,,76824.48923,76824.48923,76824.48923,76824.48923,76824.48923
0000342a356e9a853acb,TZA,TZA.2_1,Tanzania,Dar es Salaam,Dar-es-salaam|Pwani,16449.37371,,0,0,0,0,0
0000bbb2483f480e72c9,TZA,TZA.15_1,Tanzania,Mtwara,,164113.4841,,111782.0163,111782.0163,111782.0163,111782.0163,111782.0163
0000c6796648020ce4fd,MOZ,MOZ.1_1,Mozambique,Cabo Delgado,,223027.4408,,214865.9113,214865.9113,214865.9113,214865.9113,214865.9113
000015f2c0403162c276,COM,COM.2_1,Comoros,NjazÃ­dja,Grande Comore,0,,0,0,0,0,0
00005f9ed7de7d992e23,COM,COM.1_1,Comoros,Mwali,MohÃ©li,0,,0,0,0,0,0
0000ea3223a0f9df7bf7,COM,COM.3_1,Comoros,Nzwani,Anjouan,0,,0,0,0,0,0
000063c71b94b953cf78,MDG,MDG.4_1,Madagascar,Mahajanga,Majunga,267263.252,,293003.9236,293003.9236,293003.9236,293003.9236,293003.9236
00005defa5e55c99c542,MOZ,MOZ.7_1,Mozambique,Nampula,MoÃ§ambique|Mozambique,222597.1947,,214862.4086,214862.4086,214862.4086,214862.4086,214862.4086
0000dfa5d827edfe3f87,MOZ,MOZ.8_1,Mozambique,Nassa,Niassa,99682.84116,,110961.5153,110961.5153,110961.5153,110961.5153,110961.5153
0000a770a7c889846ac1,MOZ,MOZ.11_1,Mozambique,Zambezia,,122041.3363,,134588.3603,134588.3603,134588.3603,134588.3603,134588.3603
0000b94a1eb469faefe3,MOZ,MOZ.9_1,Mozambique,Sofala,,13354.55511,,10047.23301,10047.23301,10047.23301,10047.23301,10047.23301
00007fc8e8779109dd2c,MOZ,MOZ.10_1,Mozambique,Tete,,166325.7339,,190920.4389,190920.4389,190920.4389,190920.4389,190920.4389
0000708fc4d0657fb6bb,MWI,MWI.21_1,Malawi,Nsanje,Port Herald,75899.97717,,83479.25359,83479.25359,83479.25359,83479.25359,83479.25359
000033669f828a7bf9c7,MWI,MWI.15_1,Malawi,Mulanje,Mlange|Mlanje,355132.6893,,392606.25,392606.25,392606.25,392606.25,392606.25
0000551ee550eb66d14d,MWI,MWI.27_1,Malawi,Thyolo,Cholo,377321.1499,,423795.1824,423795.1824,423795.1824,423795.1824,423795.1824
0000b41f9419d57d9f6d,MWI,MWI.3_1,Malawi,Chikwawa,,132504.0178,,128969.4403,128969.4403,128969.4403,128969.4403,128969.4403
00006b1066d17a5d6cf2,MOZ,MOZ.4_1,Mozambique,Manica,,14695.97829,,16027.80803,16027.80803,16027.80803,16027.80803,16027.80803
0000bbe189cb53053747,MWI,MWI.2_1,Malawi,Blantyre,,80219.76089,,74858.79064,74858.79064,74858.79064,74858.79064,74858.79064
00009caa2b2dd294a9fb,MWI,MWI.4_1,Malawi,Chiradzulu,,180367.2585,,187216.6077,187216.6077,187216.6077,187216.6077,187216.6077
0000cce9b5f9f8acda73,MWI,MWI.28_1,Malawi,Zomba,,277532.308,,309005.1852,309005.1852,309005.1852,309005.1852,309005.1852
00005f0f66be80370258,MWI,MWI.18_1,Malawi,Neno,,12790.1615,,14416.40393,14416.40393,14416.40393,14416.40393,14416.40393
00002f66a6f708ac6aaf,MWI,MWI.16_1,Malawi,Mwanza,,2073.037118,,1800.02727,1800.02727,1800.02727,1800.02727,1800.02727
000042c91e3399765cc0,MWI,MWI.1_1,Malawi,Balaka,,45287.06364,,51473.43558,51473.43558,51473.43558,51473.43558,51473.43558
0000e420fcf656a56f60,MWI,MWI.22_1,Malawi,Ntcheu,Ncheu,190743.6875,,201519.8311,201519.8311,201519.8311,201519.8311,201519.8311
0000d11d61a952879bd1,MWI,MWI.12_1,Malawi,Machinga,Kasupe|Kasupi|Liwonde,126256.2004,,141023.7777,141023.7777,141023.7777,141023.7777,141023.7777
0000ecd3aa6eca2a5da3,MWI,MWI.24_1,Malawi,Phalombe,,188418.1402,,215727.1532,215727.1532,215727.1532,215727.1532,215727.1532
00004146ef2ba1a6e845,MWI,MWI.13_1,Malawi,Mangochi,Mangoche|Fort Johnston,186498.4686,,200631.8249,200631.8249,200631.8249,200631.8249,200631.8249
000098bed71063ea15b8,MWI,MWI.6_1,Malawi,Dedza,,361220.4437,,399428.6403,399428.6403,399428.6403,399428.6403,399428.6403
0000ef7f1453cbef9d16,MWI,MWI.26_1,Malawi,Salima,,126099.5898,,122738.9686,122738.9686,122738.9686,122738.9686,122738.9686
00001104aa1febc71333,MWI,MWI.20_1,Malawi,Nkhotakota,Kota Kota,58844.10749,,55111.71682,55111.71682,55111.71682,55111.71682,55111.71682
0000f38c27f2781dd849,MWI,MWI.10_1,Malawi,Likoma,,10724.26698,,12268.34529,12268.34529,12268.34529,12268.34529,12268.34529
00008d98321fac7d6dcf,MWI,MWI.19_1,Malawi,Nkhata Bay,Chinteche,23856.81681,,25726.06897,25726.06897,25726.06897,25726.06897,25726.06897
0000f477d2a3f5ad71e3,TZA,TZA.22_1,Tanzania,Ruvuma,,147845.5449,,128120.5413,128120.5413,128120.5413,128120.5413,128120.5413
0000758fb1e2f48996b8,MWI,MWI.25_1,Malawi,Rumphi,Rumpi,4474.382267,,4194.249118,4194.249118,4194.249118,4194.249118,4194.249118
0000e37fd7379e45beaa,MWI,MWI.8_1,Malawi,Karonga,,106909.7725,,103354.8699,103354.8699,103354.8699,103354.8699,103354.8699
0000c76939d70f911562,MWI,MWI.5_1,Malawi,Chitipa,,2003.339572,,1042.431371,1042.431371,1042.431371,1042.431371,1042.431371
00000f523d03df8936f6,ZMB,ZMB.6_1,Zambia,Muchinga,,9192.645612,,7253.076743,7253.076743,7253.076743,7253.076743,7253.076743
0000145c09eca9c0a238,MWI,MWI.17_1,Malawi,Mzimba,,11718.97192,,10828.58667,10828.58667,10828.58667,10828.58667,10828.58667
00005a87e54782db1856,ZMB,ZMB.8_1,Zambia,Northern,,27267.591,,25097.74347,25097.74347,25097.74347,25097.74347,25097.74347
0000efc9cf38b7aa79fa,TZA,TZA.21_1,Tanzania,Rukwa,,117497.5003,,81520.66458,81520.66458,81520.66458,81520.66458,81520.66458
0000eed792bf6eb6a837,ZMB,ZMB.4_1,Zambia,Luapula,Fort Rosebery,69828.29097,,52153.44036,52153.44036,52153.44036,52153.44036,52153.44036
0000f180ef1da50693ca,COD,COD.3_1,Democratic Republic of the Congo,Haut-Katanga,,866721.1038,,825300.5091,825300.5091,825300.5091,825300.5091,825300.5091
00004fe32905d1b0536a,ZMB,ZMB.1_1,Zambia,Central,Broken Hill,8762.309805,,4694.247514,4694.247514,4694.247514,4694.247514,4694.247514
0000b1a0f0b1b0bffffb,ZMB,ZMB.2_1,Zambia,Copperbelt,Western,21180.11733,,3312.166736,3312.166736,3312.166736,3312.166736,3312.166736
00008ef9f5da05059aaa,ZMB,ZMB.3_1,Zambia,Eastern,Fort Jameson,24749.52589,,25011.11514,25011.11514,25011.11514,25011.11514,25011.11514
0000b3c05fd6510b250f,MWI,MWI.14_1,Malawi,Mchinji,Fort Manning,41619.93618,,43949.29652,43949.29652,43949.29652,43949.29652,43949.29652
00007b9b0052d8a88398,MWI,MWI.9_1,Malawi,Kasungu,,12020.88697,,9880.705213,9880.705213,9880.705213,9880.705213,9880.705213
000079b1e3a786c27843,MWI,MWI.23_1,Malawi,Ntchisi,Nchisi,26661.03775,,29153.87795,29153.87795,29153.87795,29153.87795,29153.87795
000018ba8ffcf4b45315,MWI,MWI.7_1,Malawi,Dowa,,187779.5533,,209053.4498,209053.4498,209053.4498,209053.4498,209053.4498
00007fa24f9118843dc0,MWI,MWI.11_1,Malawi,Lilongwe,,664290.0758,,664506.9491,664506.9491,664506.9491,664506.9491,664506.9491
0000a2a82e7e41a790b5,ZWE,ZWE.4_1,Zimbabwe,Mashonaland Central,,15303.50905,,14437.60439,14437.60439,14437.60439,14437.60439,14437.60439
00001271443b406041fe,ZWE,ZWE.3_1,Zimbabwe,Manicaland,,30423.6681,,31065.26071,31065.26071,31065.26071,31065.26071,31065.26071
00009f7d586960605ee1,ZWE,ZWE.7_1,Zimbabwe,Masvingo,,9927.792398,,10709.30011,10709.30011,10709.30011,10709.30011,10709.30011
00002a4df2c256fac746,ZWE,ZWE.5_1,Zimbabwe,Mashonaland East,,18139.75925,,18053.19968,18053.19968,18053.19968,18053.19968,18053.19968
00000ffb51de9a13b59d,ZWE,ZWE.6_1,Zimbabwe,Mashonaland West,,23533.0376,,21902.48787,21902.48787,21902.48787,21902.48787,21902.48787
0000d2ac9c8892d295ef,ZWE,ZWE.2_1,Zimbabwe,Harare,,747.304821,,0,0,0,0,0
0000e1b8bd7f5a31647b,ZWE,ZWE.10_1,Zimbabwe,Midlands,,12465.22708,,12734.59065,12734.59065,12734.59065,12734.59065,12734.59065
00009cf421bd2a1085fe,ZWE,ZWE.9_1,Zimbabwe,Matabeleland South,,3156.326135,,1843.097563,1843.097563,1843.097563,1843.097563,1843.097563
0000f1c546690486ff91,ZWE,ZWE.8_1,Zimbabwe,Matabeleland North,,4579.38537,,4986.066392,4986.066392,4986.066392,4986.066392,4986.066392
0000b240eb22a090260d,ZMB,ZMB.9_1,Zambia,Southern,,19440.49333,,19945.25362,19945.25362,19945.25362,19945.25362,19945.25362
00005e61e697202c20e4,ZMB,ZMB.5_1,Zambia,Lusaka,,2172.511501,,1497.673745,1497.673745,1497.673745,1497.673745,1497.673745
000080cd1ce6e8fb189d,ZWE,ZWE.1_1,Zimbabwe,Bulawayo,,0,,0,0,0,0,0
0000aca10d4b084c291b,BWA,BWA.1_1,Botswana,Central,Centre|Ngwato|Serowe-Palapye,2078.609528,,224.1634565,224.1634565,224.1634565,224.1634565,224.1634565
00002a269f6600eaf327,BWA,BWA.2_1,Botswana,Chobe,,0,,0,0,0,0,0
000004c398cf6a1fb120,NAM,NAM.13_1,Namibia,Zambezi,Caprivi,68.61302132,,0,0,0,0,0
0000dbdd67f13cd1c395,BWA,BWA.12_1,Botswana,North-West,North West|Bokone-Bophirima,2783.620434,,1139.048148,1139.048148,1139.048148,1139.048148,1139.048148
0000f0794e97dbd642c1,BWA,BWA.5_1,Botswana,Ghanzi,Ghantsi,28.61121936,,0,0,0,0,0
00000d3909c536a24e4c,ZMB,ZMB.10_1,Zambia,Western,Barotseland,48390.09424,,37235.05284,37235.05284,37235.05284,37235.05284,37235.05284
00002f00e27ca1c32b8a,AGO,AGO.5_1,Angola,Cuando Cubango,,18430.99528,,9866.30679,9866.30679,9866.30679,9866.30679,9866.30679
0000fd0ad7ebece679cc,ZMB,ZMB.7_1,Zambia,North-Western,,77350.09084,,23675.82116,23675.82116,23675.82116,23675.82116,23675.82116
00008d4c125544774838,AGO,AGO.15_1,Angola,Moxico,,122131.7078,,123346.5808,123346.5808,123346.5808,123346.5808,123346.5808
0000d71fde1d7758ff18,COD,COD.15_1,Democratic Republic of the Congo,Lualaba,,788869.6905,,657064.079,657064.079,657064.079,657064.079,657064.079
0000ebcb52945ac3e432,COD,COD.4_1,Democratic Republic of the Congo,Haut-Lomami,,1784030.585,,2113097.852,2113097.852,2113097.852,2113097.852,2113097.852
0000b3f9d4d36f2a6b1a,COD,COD.14_1,Democratic Republic of the Congo,Lomami,,1406349.888,,1659131.435,1659131.435,1659131.435,1659131.435,1659131.435
0000c8d1e0759ab5adf6,COD,COD.7_1,Democratic Republic of the Congo,KasaÃ¯-Central,,2469307.41,,2850099.176,2850099.176,2850099.176,2850099.176,2850099.176
0000538f1e855ddda73f,COD,COD.8_1,Democratic Republic of the Congo,KasaÃ¯-Oriental,,1712636.483,,1879334.982,1879334.982,1879334.982,1879334.982,1879334.982
0000ec0daa7f964ccbf0,COD,COD.21_1,Democratic Republic of the Congo,Sankuru,,52253.62962,,61481.76376,61481.76376,61481.76376,61481.76376,61481.76376
0000c5e7cc885787bbac,COD,COD.17_1,Democratic Republic of the Congo,Maniema,,701714.9222,,842421.8238,842421.8238,842421.8238,842421.8238,842421.8238
000003a19af91805c947,COD,COD.24_1,Democratic Republic of the Congo,Tanganyika,,751831.0166,,833527.2751,833527.2751,833527.2751,833527.2751,833527.2751
0000724d569cc2958259,COD,COD.22_1,Democratic Republic of the Congo,Sud-Kivu,,1056922.156,,1188886.508,1188886.508,1188886.508,1188886.508,1188886.508
00009ac59005d985d5b1,TZA,TZA.8_1,Tanzania,Kigoma,,674066.5254,,680830.0909,680830.0909,680830.0909,680830.0909,680830.0909
00007f8a14835afca538,TZA,TZA.7_1,Tanzania,Katavi,,26374.29481,,19366.21827,19366.21827,19366.21827,19366.21827,19366.21827
0000f0e4681f520da6a1,TZA,TZA.26_1,Tanzania,Tabora,,75278.28371,,37073.7268,37073.7268,37073.7268,37073.7268,37073.7268
00006bc6f645cf5ad9fc,TZA,TZA.23_1,Tanzania,Shinyanga,,55941.98443,,38446.71225,38446.71225,38446.71225,38446.71225,38446.71225
0000742d1ca4e0ebaf73,TZA,TZA.4_1,Tanzania,Geita,,217619.4658,,77100.44888,77100.44888,77100.44888,77100.44888,77100.44888
000046e53b678c764914,BDI,BDI.11_1,Burundi,Makamba,,168569.9126,,171151.4375,171151.4375,171151.4375,171151.4375,171151.4375
00001c14bdb39ee12671,BDI,BDI.4_1,Burundi,Bururi,,121058.1195,,112948.2279,112948.2279,112948.2279,112948.2279,112948.2279
0000779bd077040e0771,BDI,BDI.16_1,Burundi,Rutana,,108104.4536,,123088.137,123088.137,123088.137,123088.137,123088.137
0000f7a54aa3eb909d18,BDI,BDI.7_1,Burundi,Gitega,Kitega,182981.4539,,190041.0379,190041.0379,190041.0379,190041.0379,190041.0379
000001a4eb626f2cba4d,BDI,BDI.3_1,Burundi,Bujumbura Rural,Usumbura,130981.4101,,119044.2389,119044.2389,119044.2389,119044.2389,119044.2389
0000c96090c38ddbe30c,BDI,BDI.14_1,Burundi,Mwaro,,59080.58413,,65070.04385,65070.04385,65070.04385,65070.04385,65070.04385
0000e7a72cc1335d7190,BDI,BDI.17_1,Burundi,Ruyigi,,88558.85805,,102914.0098,102914.0098,102914.0098,102914.0098,102914.0098
000000c3a28e31b28b42,BDI,BDI.8_1,Burundi,Karuzi,Karusi,71910.36136,,76733.741,76733.741,76733.741,76733.741,76733.741
000043fcbfcf17e7bad9,BDI,BDI.12_1,Burundi,Muramvya,Muramviya,71640.72613,,83975.08638,83975.08638,83975.08638,83975.08638,83975.08638
0000226ce62a9a7560e8,BDI,BDI.2_1,Burundi,Bujumbura Mairie,,45641.39181,,14971.77421,14971.77421,14971.77421,14971.77421,14971.77421
00005b6592778c142aeb,BDI,BDI.1_1,Burundi,Bubanza,,113482.3445,,128056.8881,128056.8881,128056.8881,128056.8881,128056.8881
0000ce08c68464814b04,BDI,BDI.6_1,Burundi,Cibitoke,,156938.6113,,134439.4291,134439.4291,134439.4291,134439.4291,134439.4291
00008abae843b0ab6a2b,RWA,RWA.2_1,Rwanda,Amajyepfo,Southern Province|Province du Sud,641328.3712,,589020.3756,589020.3756,589020.3756,589020.3756,589020.3756
00008b4cd4f538f5418a,RWA,RWA.4_1,Rwanda,Iburengerazuba,Western Province|Province de l'Ouestern Province|Province de l'Ouest,970006.3452,,989267.3884,989267.3884,989267.3884,989267.3884,989267.3884
0000f3b36b9e49529868,BDI,BDI.10_1,Burundi,Kirundo,,218154.692,,233238.8477,233238.8477,233238.8477,233238.8477,233238.8477
00007e9769c1ec649787,RWA,RWA.3_1,Rwanda,Iburasirazuba,Eastern Province|Province de l'Est,676546.6965,,616080.7078,616080.7078,616080.7078,616080.7078,616080.7078
0000f3d04971a1065e64,BDI,BDI.15_1,Burundi,Ngozi,,88939.6967,,73391.69923,73391.69923,73391.69923,73391.69923,73391.69923
000095b620263e188efb,BDI,BDI.13_1,Burundi,Muyinga,Muhinga,235774.6029,,264400.8606,264400.8606,264400.8606,264400.8606,264400.8606
0000534d5571cae55d5b,BDI,BDI.9_1,Burundi,Kayanza,,241852.9869,,262626.5045,262626.5045,262626.5045,262626.5045,262626.5045
000080f02f811727ce96,BDI,BDI.5_1,Burundi,Cankuzo,,36412.90508,,40036.44849,40036.44849,40036.44849,40036.44849,40036.44849
000024003b4e465058b1,TZA,TZA.6_1,Tanzania,Kagera,,176065.4494,,127763.2867,127763.2867,127763.2867,127763.2867,127763.2867
0000c52cbf2f3ecac87f,TZA,TZA.16_1,Tanzania,Mwanza,,193791.6158,,142747.6945,142747.6945,142747.6945,142747.6945,142747.6945
0000fb5e8ac97c0e7fb5,UGA,UGA.15_1,Uganda,Kalangala,,11606.24614,,8934.460609,8934.460609,8934.460609,8934.460609,8934.460609
00009669199b775efa2a,UGA,UGA.51_1,Uganda,Rakai,,42766.42113,,41028.18881,41028.18881,41028.18881,41028.18881,41028.18881
0000d646a4584366555b,UGA,UGA.6_1,Uganda,Bushenyi,,96034.22912,,105097.2515,105097.2515,105097.2515,105097.2515,105097.2515
0000c894277f1b3560f8,UGA,UGA.48_1,Uganda,Ntungamo,,73778.30651,,74707.6091,74707.6091,74707.6091,74707.6091,74707.6091
000024ada22707cac234,RWA,RWA.5_1,Rwanda,Umujyi wa Kigali,Kigali City|Ville de Kigali,17341.71862,,9500.341229,9500.341229,9500.341229,9500.341229,9500.341229
000077d1957907579660,RWA,RWA.1_1,Rwanda,Amajyaruguru,Northern Province|Province du Nord,689279.1939,,666815.7026,666815.7026,666815.7026,666815.7026,666815.7026
0000c98f86ec0c3c4a09,UGA,UGA.12_1,Uganda,Kabale,,67261.97362,,74551.87762,74551.87762,74551.87762,74551.87762,74551.87762
00007e028c7763b121bf,UGA,UGA.52_1,Uganda,Rukungiri,,32730.45905,,30777.64705,30777.64705,30777.64705,30777.64705,30777.64705
0000729e663e32d01018,UGA,UGA.26_1,Uganda,Kisoro,,92927.73603,,104759.5931,104759.5931,104759.5931,104759.5931,104759.5931
0000d9970d9af7822585,UGA,UGA.19_1,Uganda,Kanungu,,17681.14849,,17148.68729,17148.68729,17148.68729,17148.68729,17148.68729
00003913bc2ef0f0a9a8,COD,COD.16_1,Democratic Republic of the Congo,MaÃ¯-Ndombe,,305813.6765,,356919.9738,356919.9738,356919.9738,356919.9738,356919.9738
00008888bd56b371f0a5,COG,COG.9_1,Republic of Congo,Plateaux,,8199.470784,,11197.18476,11197.18476,11197.18476,11197.18476,11197.18476
0000e29b30aedc501906,COD,COD.13_1,Democratic Republic of the Congo,Kwilu,,937936.7195,,1056187.601,1056187.601,1056187.601,1056187.601,1056187.601
00009399ad5c70a0374a,COD,COD.12_1,Democratic Republic of the Congo,Kwango,,306447.6298,,358385.1566,358385.1566,358385.1566,358385.1566,358385.1566
00003649dc831553e43d,COD,COD.9_1,Democratic Republic of the Congo,KasaÃ¯,,1917242.465,,2215436.676,2215436.676,2215436.676,2215436.676,2215436.676
0000ebeb04a891fb56ce,AGO,AGO.12_1,Angola,Lunda Norte,,58199.55292,,61255.71248,61255.71248,61255.71248,61255.71248,61255.71248
00009c7da534986c516e,AGO,AGO.13_1,Angola,Lunda Sul,,3397.205555,,23194.53531,23194.53531,23194.53531,23194.53531,23194.53531
00007c8c0fe6f778c971,AGO,AGO.14_1,Angola,Malanje,Malange,41543.73453,,55457.97567,55457.97567,55457.97567,55457.97567,55457.97567
00003d38ddd75cee2131,AGO,AGO.17_1,Angola,UÃ­ge,,154342.4178,,195439.6673,195439.6673,195439.6673,195439.6673,195439.6673
00004a5c1f4eaac41d18,COD,COD.11_1,Democratic Republic of the Congo,Kongo-Central,,111401.0804,,107071.1054,107071.1054,107071.1054,107071.1054,107071.1054
0000c02ae9b85d6b2e2b,COD,COD.10_1,Democratic Republic of the Congo,Kinshasa,,8432.785641,,308.8302078,308.8302078,308.8302078,308.8302078,308.8302078
0000f130e91b03efe526,COG,COG.11_1,Republic of Congo,Pool,,0,,0,0,0,0,0
0000d8b784124bf4a42b,AGO,AGO.18_1,Angola,Zaire,,815.8885171,,19573.51055,19573.51055,19573.51055,19573.51055,19573.51055
000009f8eb2e88e5d285,AGO,AGO.6_1,Angola,Cuanza Norte,Cuanza-Nord|Kwanza Norte,1253.955411,,1583.911688,1583.911688,1583.911688,1583.911688,1583.911688
00006e9604f688b0cc55,AGO,AGO.7_1,Angola,Cuanza Sul,Cuanza-Sud|Kwanza Sul,152270.5986,,193085.7591,193085.7591,193085.7591,193085.7591,193085.7591
00007116ff53267df3a7,AGO,AGO.1_1,Angola,Bengo,,2444.675289,,4040.772772,4040.772772,4040.772772,4040.772772,4040.772772
00003c7284f9ea8da1b6,AGO,AGO.11_1,Angola,Luanda,Loanda,0,,0,0,0,0,0
000073775cdf8ef02fc8,AGO,AGO.4_1,Angola,Cabinda,,857.8828145,,703.115147,703.115147,703.115147,703.115147,703.115147
000049cf8b45ad436001,COG,COG.5_1,Republic of Congo,Kouilou,,0,,0,0,0,0,0
0000258b361f6eb248bf,COG,COG.10_1,Republic of Congo,Pointe Noire,,0,,0,0,0,0,0
000026f6e736e4af25a7,COG,COG.8_1,Republic of Congo,Niari,,15565.23478,,19956.4284,19956.4284,19956.4284,19956.4284,19956.4284
0000ed99f6d5c65bffaf,GAB,GAB.5_1,Gabon,Nyanga,,9.734500488,,0,0,0,0,0
000013deb1aab2f33819,GAB,GAB.4_1,Gabon,NgouniÃ©,N'GouniÃ©,1827.332834,,1131.528279,1131.528279,1131.528279,1131.528279,1131.528279
0000513c38343107a106,COG,COG.1_1,Republic of Congo,Bouenza,,3367.758742,,246.9319858,246.9319858,246.9319858,246.9319858,246.9319858
00000884afd9de5b5811,COG,COG.6_1,Republic of Congo,LÃ©koumou,,20146.76057,,19596.42465,19596.42465,19596.42465,19596.42465,19596.42465
00002939fd4b79f42231,COG,COG.2_1,Republic of Congo,Brazzaville,,0,,0,0,0,0,0
000083ab73048153307d,GAB,GAB.8_1,Gabon,OgoouÃ©-Maritime,,0,,0,0,0,0,0
0000c55959a6c3e172f1,GNQ,GNQ.1_1,Equatorial Guinea,AnnobÃ³n,,0,,0,0,0,0,0
0000cca6e1d9c4c7d231,NAM,NAM.6_1,Namibia,Kunene,,253.4353319,,368.2630765,368.2630765,368.2630765,368.2630765,368.2630765
0000dbd5fc02e1ecae1d,NAM,NAM.2_1,Namibia,Erongo,,0,,0,0,0,0,0
000047b6a1272e7b26de,NAM,NAM.12_1,Namibia,Otjozondjupa,,84.35759652,,0,0,0,0,0
000054574fa70dae300e,NAM,NAM.10_1,Namibia,Oshana,,0,,0,0,0,0,0
0000beace459af6cc91f,NAM,NAM.11_1,Namibia,Oshikoto,,0,,0,0,0,0,0
000081888f22a45442cf,NAM,NAM.9_1,Namibia,Omusati,,127.8162155,,18.11230686,18.11230686,18.11230686,18.11230686,18.11230686
000063fb6557521f9745,NAM,NAM.7_1,Namibia,Ohangwena,,95.2293494,,69.76347517,69.76347517,69.76347517,69.76347517,69.76347517
000021418820698f8b55,AGO,AGO.8_1,Angola,Cunene,,16204.14458,,23586.60831,23586.60831,23586.60831,23586.60831,23586.60831
0000765625863006d9ab,AGO,AGO.10_1,Angola,HuÃ­la,,94926.16183,,107279.7214,107279.7214,107279.7214,107279.7214,107279.7214
0000b970d75dc1246ac3,AGO,AGO.16_1,Angola,Namibe,MoÃ§Ã¢medes|Mossamedes,796.5722613,,940.8898937,940.8898937,940.8898937,940.8898937,940.8898937
00008bdb856ac057d753,AGO,AGO.2_1,Angola,Benguela,Benguella,32762.97283,,45883.57712,45883.57712,45883.57712,45883.57712,45883.57712
00009d998b430cefe4b5,AGO,AGO.9_1,Angola,Huambo,,103432.7806,,126696.6837,126696.6837,126696.6837,126696.6837,126696.6837
00008cda9f5f625cbdac,AGO,AGO.3_1,Angola,BiÃ©,,89254.89641,,102473.0143,102473.0143,102473.0143,102473.0143,102473.0143
0000420512a8a3f93c41,NAM,NAM.4_1,Namibia,Kavango,,329.493005,,32.91484225,32.91484225,32.91484225,32.91484225,32.91484225
00006d87420b026a1c23,NAM,NAM.8_1,Namibia,Omaheke,,0,,0,0,0,0,0
00000bb174c0ea491f22,BWA,BWA.7_1,Botswana,Kgalagadi,,0,,0,0,0,0,0
00006fa98c434666ede7,NAM,NAM.3_1,Namibia,Hardap,,18.66187179,,28.09175811,28.09175811,28.09175811,28.09175811,28.09175811
0000eae09086bb5e19c4,NAM,NAM.5_1,Namibia,Khomas,,0,,0,0,0,0,0
00008af1221b6fd11ce8,NAM,NAM.1_1,Namibia,!Karas,Karas,0,,0,0,0,0,0
0000e26b7080d50ee682,ZAF,ZAF.8_1,South Africa,Northern Cape,Noord-Kaap,232.1721015,,129.6063413,129.6063413,129.6063413,129.6063413,129.6063413
0000c18ba14589d23b56,ZAF,ZAF.9_1,South Africa,Western Cape,Wes-Kaap,3.36470621,,2.41000448,2.41000448,2.41000448,2.41000448,2.41000448
00008dde7ebf9b188d0e,ZAF,ZAF.4_1,South Africa,KwaZulu-Natal,Natal and Zululand,12850.37402,,3240.021952,3240.021952,3240.021952,3240.021952,3240.021952
000055d96c49410a7ee0,ZAF,ZAF.1_1,South Africa,Eastern Cape,Oos-Kaap,4406.805084,,3928.621672,3928.621672,3928.621672,3928.621672,3928.621672
00007d455ac922729b50,ZAF,ZAF.2_1,South Africa,Free State,Orange Free State|Vrystaat,692.6853651,,73.92461363,73.92461363,73.92461363,73.92461363,73.92461363
000054657081eb169305,LSO,LSO.9_1,Lesotho,Quthing,,7992.276408,,7741.601463,7741.601463,7741.601463,7741.601463,7741.601463
0000194f64994d258f77,LSO,LSO.8_1,Lesotho,Qacha's Nek,Quacha's Nek|Quachas Nek,2889.019989,,2299.817409,2299.817409,2299.817409,2299.817409,2299.817409
00002fb0395269644967,LSO,LSO.6_1,Lesotho,Mohale's Hoek,Mohales Hoek,2530.650855,,2480.318519,2480.318519,2480.318519,2480.318519,2480.318519
0000131a5906efd0ecd3,LSO,LSO.10_1,Lesotho,Thaba-Tseka,Thaba Tseka,3846.561973,,4071.785736,4071.785736,4071.785736,4071.785736,4071.785736
0000dd67f662c65561dc,LSO,LSO.4_1,Lesotho,Mafeteng,,2600.126528,,2496.464285,2496.464285,2496.464285,2496.464285,2496.464285
0000d88fbf3e5c4737b1,LSO,LSO.5_1,Lesotho,Maseru,,8306.786271,,4563.176548,4563.176548,4563.176548,4563.176548,4563.176548
0000f96d1f8933b72472,LSO,LSO.1_1,Lesotho,Berea,Teyateyaneng,14912.19727,,13594.93208,13594.93208,13594.93208,13594.93208,13594.93208
0000a5401a80f07a9fa4,LSO,LSO.3_1,Lesotho,Leribe,,7238.075479,,7019.939568,7019.939568,7019.939568,7019.939568,7019.939568
00002d6a78ed9e7b0e2d,LSO,LSO.7_1,Lesotho,Mokhotlong,,2744.709037,,2404.550779,2404.550779,2404.550779,2404.550779,2404.550779
0000b1ff2124029339d6,LSO,LSO.2_1,Lesotho,Butha-Buthe,Butha Buthe,8123.619089,,7100.668766,7100.668766,7100.668766,7100.668766,7100.668766
00004f5a4afe183fb42b,ZAF,ZAF.7_1,South Africa,North West,North-West|Noordwes,3725.140282,,398.8819239,398.8819239,398.8819239,398.8819239,398.8819239
000095d197e2a66bf7ca,ZAF,ZAF.6_1,South Africa,Mpumalanga,Eastern Transvaal,264.6252676,,26.21337893,26.21337893,26.21337893,26.21337893,26.21337893
00005384dc166a76b89f,ZAF,ZAF.3_1,South Africa,Gauteng,Pretoria/Witwatersrand/Vaal,0,,0,0,0,0,0
00007c7d0246cb89113e,BWA,BWA.15_1,Botswana,Southern,Borwa|Ngwakets|Ngwaketse,194.4540032,,213.9763051,213.9763051,213.9763051,213.9763051,213.9763051
0000a2ed97d6ce638f1e,BWA,BWA.14_1,Botswana,South-East,Borwa-Botlhaba,178.6354625,,196.5696545,196.5696545,196.5696545,196.5696545,196.5696545
0000c33696ecc11f7555,BWA,BWA.10_1,Botswana,Lobatse,,0,,0,0,0,0,0
0000ff760a5f32264abb,BWA,BWA.9_1,Botswana,Kweneng,,2889.093164,,1518.203958,1518.203958,1518.203958,1518.203958,1518.203958
0000051db713ac8df898,BWA,BWA.6_1,Botswana,Jwaneng,,0,,0,0,0,0,0
00009062a4f780d76f21,BWA,BWA.16_1,Botswana,Sowa,,0,,0,0,0,0,0
0000711a7719f1e6c658,BWA,BWA.11_1,Botswana,North-East,North East|Bokone-Botlhaba,0,,4.151641624,4.151641624,4.151641624,4.151641624,4.151641624
0000a171719bad5569e5,BWA,BWA.3_1,Botswana,Francistown,,0,,0,0,0,0,0
0000cd6ac7451d308be4,BWA,BWA.13_1,Botswana,Selibe Phikwe,,0,,0,0,0,0,0
00003e379146cd1a6d27,ZAF,ZAF.5_1,South Africa,Limpopo,Noordelike Provinsie|Northern Transvaal|Northern Province,355.3243702,,81.81569673,81.81569673,81.81569673,81.81569673,81.81569673
00005ac9e9cebddd96b8,BWA,BWA.8_1,Botswana,Kgatleng,,12.84835559,,3.534568084,3.534568084,3.534568084,3.534568084,3.534568084
00005e276911e75640c5,BWA,BWA.4_1,Botswana,Gaborone,,0,,0,0,0,0,0
00008cf2448b596f3e0b,MOZ,MOZ.2_1,Mozambique,Gaza,,16977.92009,,13438.43426,13438.43426,13438.43426,13438.43426,13438.43426
0000a697a7e4ba684ed5,MOZ,MOZ.3_1,Mozambique,Inhambane,,19507.36688,,21339.33071,21339.33071,21339.33071,21339.33071,21339.33071
00008a30ff012ad3226e,MOZ,MOZ.6_1,Mozambique,Maputo,,1401.851619,,1329.728289,1329.728289,1329.728289,1329.728289,1329.728289
00001bb73aee235f0a08,MOZ,MOZ.5_1,Mozambique,Maputo City,,1184.103031,,0,0,0,0,0
0000e0195cc8b3d62c64,SWZ,SWZ.2_1,Swaziland,Lubombo,,182.9719629,,176.7642596,176.7642596,176.7642596,176.7642596,176.7642596
0000d8885737c2b4f7fa,SWZ,SWZ.4_1,Swaziland,Shiselweni,Shiselwini,987.5452598,,1344.235645,1344.235645,1344.235645,1344.235645,1344.235645
0000501a7b9bea3db7bd,SWZ,SWZ.3_1,Swaziland,Manzini,,1109.322508,,575.7953034,575.7953034,575.7953034,575.7953034,575.7953034
00006c9211116131aa13,SWZ,SWZ.1_1,Swaziland,Hhohho,,744.1022948,,415.8499259,415.8499259,415.8499259,415.8499259,415.8499259
0000e67f111827a5a214,ATF,ATF.2_1,French Southern Territories,ÃŽles Ã‰parses,Glorioso Islands,0,,0,0,0,0,0
00000092b7241c98bea3,MDG,MDG.6_1,Madagascar,Toliary,Toleary|Toliary|TulÃ©ar,203859.795,,224010.8009,224010.8009,224010.8009,224010.8009,224010.8009
000024443d1899b9978d,MDG,MDG.3_1,Madagascar,Fianarantsoa,,449798.5968,,516749.9285,516749.9285,516749.9285,516749.9285,516749.9285
00009de7b90b24d6643d,MDG,MDG.1_1,Madagascar,Antananarivo,Tananarive,828722.7622,,884464.2765,884464.2765,884464.2765,884464.2765,884464.2765
000099159265b8935d5b,MDG,MDG.5_1,Madagascar,Toamasina,Tamatave,406930.7718,,462806.8446,462806.8446,462806.8446,462806.8446,462806.8446
00001ab44af459fd7bdc,MYT,MYT.9_1,Mayotte,Kani-Keli,,0,,0,0,0,0,0
0000a7f99edc37556a8b,MYT,MYT.4_1,Mayotte,Boueni,,0,,0,0,0,0,0
000029a834553d5988d8,MYT,MYT.3_1,Mayotte,Bandrele,,0,,0,0,0,0,0
00007467adecea876363,MYT,MYT.6_1,Mayotte,Chirongui,,0,,0,0,0,0,0
0000d098b4762d2c0d67,MYT,MYT.16_1,Mayotte,Sada,,0,,0,0,0,0,0
0000bcbcaba8ed81efb2,MYT,MYT.14_1,Mayotte,Ouangani,,0,,0,0,0,0,0
00000b52da299f882cbc,MYT,MYT.1_1,Mayotte,Acoua,,0,,0,0,0,0,0
00001155ceaf4601cc90,MYT,MYT.13_1,Mayotte,Mtsamboro,,0,,0,0,0,0,0
0000286f485702b1d323,MYT,MYT.11_1,Mayotte,M'tsangamouji,,0,,0,0,0,0,0
000052db57fe7e38669f,MYT,MYT.17_1,Mayotte,Tsingoni,,0,,0,0,0,0,0
00003659af12d7b8770d,MYT,MYT.2_1,Mayotte,Bandraboua,,0,,0,0,0,0,0
0000e742a3307c87164b,MYT,MYT.10_1,Mayotte,Koungou,,0,,0,0,0,0,0
0000536c62b037cdb5a0,MYT,MYT.7_1,Mayotte,Dembeni,,0,,0,0,0,0,0
000052202356dce3d73d,MYT,MYT.5_1,Mayotte,Chiconi,,0,,0,0,0,0,0
00000849d9a762b31468,MYT,MYT.12_1,Mayotte,Mamoudzou,,0,,0,0,0,0,0
000040f125f28397ed8d,MYT,MYT.8_1,Mayotte,Dzaoudzi,,0,,0,0,0,0,0
0000e8cea7d27f119489,MYT,MYT.15_1,Mayotte,Pamandzi,,0,,0,0,0,0,0
000086eb4fe3da0fcd92,MDG,MDG.2_1,Madagascar,Antsiranana,DiÃ©go-Suarez|Antseranana,126911.5017,,128456.8713,128456.8713,128456.8713,128456.8713,128456.8713
0000672af34d6193e94d,SYC,SYC.20_1,Seychelles,Outer Islands,,0,,0,0,0,0,0
00000c8f1d07472a4340,SOM,SOM.12_1,Somalia,Nugaal,,46021.34364,,52888.45648,52888.45648,52888.45648,52888.45648,52888.45648
00002527432621c9d9ff,SOM,SOM.3_1,Somalia,Banaadir,Benadir,68837.04551,,0,0,0,0,0
0000b3394ce316c7fbc9,SOM,SOM.14_1,Somalia,Shabeellaha Dhexe,Sh. Dhexe| Central Shabele,464457.8997,,528074.6459,528074.6459,528074.6459,528074.6459,528074.6459
0000e80f11232a3192e2,SOM,SOM.6_1,Somalia,Galguduud,Galgudug,222571.4744,,238962.9331,238962.9331,238962.9331,238962.9331,238962.9331
0000d051b5d054fbd408,SOM,SOM.11_1,Somalia,Mudug,Madugh| Mudugh,171513.9528,,164023.7732,164023.7732,164023.7732,164023.7732,164023.7732
0000e2c7a232fabd76c3,SOM,SOM.16_1,Somalia,Sool,,56192.04389,,62217.84097,62217.84097,62217.84097,62217.84097,62217.84097
00005b93e6146cf5b1d7,SOM,SOM.13_1,Somalia,Sanaag,Sanag,70606.98662,,45635.10014,45635.10014,45635.10014,45635.10014,45635.10014
00008786f94dc0e22a01,SOM,SOM.4_1,Somalia,Bari,,51050.47848,,42642.90691,42642.90691,42642.90691,42642.90691,42642.90691
